;Palabra;Sentimiento;Valoracion;Stemmed
0;no;Triste;-1;no
1;grande;Feliz;1;grand
2;grandeza;Feliz;1;grandez
3;abandonado;Triste;-1;abandon
4;abatido;Triste;-1;abat
5;abdicar;Triste;-1;abdic
6;ablandar;Triste;-1;abland
7;aborrecer;Triste;-1;aborrec
8;abortar;Triste;-1;abort
9;abrumado;Triste;-1;abrum
10;aburrido;Triste;-1;aburr
11;acatamiento;Triste;-1;acat
12;acaudalado;Feliz;1;acaudal
13;acceder;Feliz;1;acced
14;accidentado;Triste;-1;accident
15;achantarse;Triste;-1;achant
16;achispado;Feliz;1;achisp
17;aciago;Triste;-1;aciag
18;ac�o;Triste;-1;ac�o
19;aclamar;Feliz;1;aclam
20;aclarar;Feliz;1;aclar
21;acobardado;Triste;-1;acobard
22;acogotar;Triste;-1;acogot
23;acomodado;Feliz;1;acomod
24;acomplejado;Triste;-1;acomplej
25;acongojado;Triste;-1;acongoj
26;acrecentado;Feliz;1;acrecent
27;acritud;Triste;-1;acritud
28;activo;Feliz;1;activ
29;adecuado;Feliz;1;adecu
30;adefesio;Triste;-1;adefesi
31;adelantadamente;Feliz;1;adelant
32;adeudar;Triste;-1;adeud
33;adinerado;Feliz;1;adiner
34;admirar;Feliz;1;admir
35;admitir;Triste;-1;admit
36;adustez;Triste;-1;adustez
37;adusto;Triste;-1;adust
38;adversidad;Triste;-1;advers
39;afeado;Triste;-1;afe
40;afeamiento;Triste;-1;afeamient
41;aflicci�n;Triste;-1;aflicci�n
42;aflictivo;Triste;-1;aflict
43;afligido;Triste;-1;aflig
44;aflijirse;Triste;-1;aflij
45;Afortunada;Feliz;1;afortun
46;agitaci�n;Feliz;1;agitaci�n
47;agitado;Feliz;1;agit
48;agobiado;Triste;-1;agobi
49;agon�a;Triste;-1;agon�
50;ag�nico;Triste;-1;ag�nic
51;agonizante;Triste;-1;agoniz
52;agorero;Triste;-1;agorer
53;agotar;Triste;-1;agot
54;agraciado;Feliz;1;agraci
55;agradable;Feliz;1;agrad
56;agrandamiento;Feliz;1;agrand
57;agravamiento;Triste;-1;agrav
58;agreste;Triste;-1;agrest
59;agriado;Triste;-1;agri
60;aguafiestas;Triste;-1;aguafiest
61;aguantador;Triste;-1;aguant
62;ag�ero;Triste;-1;ag�er
63;ahogamiento;Triste;-1;ahog
64;ahorcamiento;Triste;-1;ahorc
65;airado;Triste;-1;air
66;aislado;Triste;-1;aisl
67;aislador;Triste;-1;aislador
68;aislamiento;Triste;-1;aislamient
69;aislante;Triste;-1;aislant
70;ajado;Triste;-1;ajad
71;ajamiento;Triste;-1;ajamient
72;ajar;Triste;-1;ajar
73;ajusticiado;Triste;-1;ajustici
74;alarma;Triste;-1;alarm
75;alborotar;Feliz;1;alborot
76;alborozadamente;Feliz;1;alboroz
77;albricias;Feliz;1;albrici
78;alegrar;Feliz;1;alegr
79;alegr�a;Feliz;1;alegr�
80;alejado;Triste;-1;alej
81;aleluya;Feliz;1;alelu
82;algarab�a;Feliz;1;algarab�
83;algazara;Feliz;1;algaz
84;alica�do;Triste;-1;alica�d
85;aliviarse;Feliz;1;alivi
86;almacabra;Triste;-1;almacabr
87;alteraci�n;Triste;-1;alteraci�n
88;alterado;Triste;-1;alter
89;altercado;Triste;-1;alterc
90;alucinaci�n;Feliz;1;alucinaci�n
91;alucinante;Feliz;1;alucin
92;alumbrado;Feliz;1;alumbr
93;amar;Feliz;1;amar
94;amargado;Triste;-1;amarg
95;amargura;Triste;-1;amargur
96;amenazador;Triste;-1;amenaz
97;ametrallamiento;Triste;-1;ametrall
98;amilanarse;Triste;-1;amilan
99;amohinado;Triste;-1;amohin
100;amoldamiento;Triste;-1;amold
101;amor;Feliz;1;amor
102;amortajamiento;Triste;-1;amortaj
103;ampliaci�n;Feliz;1;ampliaci�n
104;ampliado;Feliz;1;ampli
105;anciano;Triste;-1;ancian
106;angustia;Triste;-1;angusti
107;animaci�n;Feliz;1;animaci�n
108;animadamente;Feliz;1;anim
109;animadversi�n;Triste;-1;animadversi�n
110;�nimo;Feliz;1;�nim
111;aniquilaci�n;Triste;-1;aniquilaci�n
112;aniquilador;Triste;-1;aniquil
113;anonadar;Triste;-1;anonad
114;ansia;Triste;-1;ansi
115;ansiedad;Triste;-1;ansied
116;ansioso;Triste;-1;ansios
117;antag�nico;Triste;-1;antag�n
118;antagonismo;Triste;-1;antagon
119;anticuado;Triste;-1;anticu
120;antiest�tico;Triste;-1;antiest�t
121;antig�edad;Triste;-1;antig�ed
122;antiguo;Triste;-1;antigu
123;antipat�a;Triste;-1;antipat�
124;antip�tico;Triste;-1;antip�t
125;antipatizar;Triste;-1;antipatiz
126;anuencia;Triste;-1;anuenci
127;anular;Triste;-1;anul
128;a�orante;Triste;-1;a�or
129;apagado;Triste;-1;apag
130;apartado;Triste;-1;apart
131;apasionado;Feliz;1;apasion
132;apat�a;Triste;-1;apat�
133;ap�tico;Triste;-1;ap�tic
134;apenado;Triste;-1;apen
135;apesadumbrado;Triste;-1;apesadumbr
136;apesarar;Triste;-1;apesar
137;apiadar;Triste;-1;apiad
138;aplanador;Triste;-1;aplan
139;aplaudir;Feliz;1;aplaud
140;apocado;Triste;-1;apoc
141;apocalipsis;Triste;-1;apocalipsis
142;apocal�ptico;Triste;-1;apocal�pt
143;apogeo;Feliz;1;apoge
144;apoplej�a;Triste;-1;apoplej�
145;apretado;Triste;-1;apret
146;aprieto;Triste;-1;apriet
147;aprobaci�n;Feliz;1;aprobaci�n
148;aprobar;Feliz;1;aprob
149;apropiado;Feliz;1;apropi
150;aprovechable;Feliz;1;aprovech
151;apurado;Triste;-1;apur
152;aquejar;Triste;-1;aquej
153;aquelarre;Triste;-1;aquelarr
154;arcaico;Triste;-1;arcaic
155;arca�smo;Triste;-1;arca�sm
156;arder;Triste;-1;arder
157;aridez;Triste;-1;aridez
158;�rido;Triste;-1;�rid
159;arisco;Triste;-1;arisc
160;arp�a;Triste;-1;arp�a
161;arraigo;Feliz;1;arraig
162;arrasado;Triste;-1;arras
163;arrebatado;Triste;-1;arrebat
164;arredrarse;Triste;-1;arredr
165;arrepentido;Triste;-1;arrepent
166;arrinconamiento;Triste;-1;arrincon
167;arrobador;Feliz;1;arrob
168;arruinado;Triste;-1;arruin
169;arrumado;Triste;-1;arrum
170;asbesto;Triste;-1;asbest
171;ascender;Feliz;1;ascend
172;ascenso;Feliz;1;ascens
173;asco;Triste;-1;asco
174;asediar;Triste;-1;asedi
175;asegurar;Feliz;1;asegur
176;asesinar;Triste;-1;asesin
177;asesinato;Triste;-1;asesinat
178;asfixia;Triste;-1;asfixi
179;asilado;Triste;-1;asil
180;asimetr�a;Triste;-1;asimetr�
181;asim�trico;Triste;-1;asim�tr
182;asolador;Triste;-1;asol
183;asombrar;Feliz;1;asombr
184;aspereza;Triste;-1;asperez
185;�spero;Triste;-1;�sper
186;asqueado;Triste;-1;asqu
187;ataque;Triste;-1;ataqu
188;ata�d;Triste;-1;ata�d
189;atemorizante;Triste;-1;atemoriz
190;atenuar;Triste;-1;atenu
191;aterrador;Triste;-1;aterr
192;atezado;Triste;-1;atez
193;atiborrarse;Feliz;1;atiborr
194;atormentado;Triste;-1;atorment
195;atrabiliario;Triste;-1;atrabiliari
196;atracci�n;Feliz;1;atracci�n
197;atractivo;Feliz;1;atract
198;atrasado;Triste;-1;atras
199;atravesado;Triste;-1;atraves
200;atribulado;Triste;-1;atribul
201;Atropo;Triste;-1;atrop
202;atroz;Triste;-1;atroz
203;aturdido;Triste;-1;aturd
204;auge;Feliz;1;aug
205;aullador;Triste;-1;aullador
206;aullar;Triste;-1;aull
207;aumentado;Feliz;1;aument
208;ausencia;Triste;-1;ausenci
209;ausente;Triste;-1;ausent
210;autopsia;Triste;-1;autopsi
211;auxilio;Triste;-1;auxili
212;avance;Feliz;1;avanc
213;avanzado;Feliz;1;avanz
214;avaro;Triste;-1;avar
215;avenencia;Triste;-1;avenent
216;avenirse;Triste;-1;aven
217;aventajado;Feliz;1;aventaj
218;avergonzar;Triste;-1;avergonz
219;aver�a;Triste;-1;aver�
220;averiado;Triste;-1;averi
221;Averno;Triste;-1;avern
222;aversi�n;Triste;-1;aversi�n
223;avieso;Triste;-1;avies
224;avinagrado;Triste;-1;avinagr
225;ay;Triste;-1;ay
226;ayuno;Triste;-1;ayun
227;ayuntarse;Feliz;1;ayunt
228;azaroso;Triste;-1;azar
229;azogado;Triste;-1;azog
230;azotar;Triste;-1;azot
231;bacanal;Feliz;1;bacanal
232;baja;Triste;-1;baj
233;baldado;Triste;-1;bald
234;baldadura;Triste;-1;baldadur
235;bancarrota;Triste;-1;bancarrot
236;bara�nda;Feliz;1;bara�nd
237;barbillera;Triste;-1;barbiller
238;beatitud;Feliz;1;beatitud
239;bebido;Feliz;1;beb
240;bej�n;Triste;-1;bej�n
241;bendecido;Feliz;1;bendec
242;bendici�n;Feliz;1;bendici�n
243;bendito;Feliz;1;bendit
244;beneficio;Feliz;1;benefici
245;berreador;Triste;-1;berreador
246;berrido;Triste;-1;berr
247;berrinche;Triste;-1;berrinch
248;bien;Feliz;1;bien
249;bienaventurado;Feliz;1;bienaventur
250;bienestar;Feliz;1;bienest
251;bienhadado;Feliz;1;bienhad
252;birria;Triste;-1;birri
253;bizco;Triste;-1;bizc
254;bizquera;Triste;-1;bizquer
255;blando;Triste;-1;bland
256;blandura;Triste;-1;blandur
257;bloquear;Triste;-1;bloqu
258;bloqueo;Triste;-1;bloque
259;bochornoso;Triste;-1;bochorn
260;boicot;Triste;-1;boicot
261;bonach�n;Feliz;1;bonach�n
262;bonancible;Feliz;1;bonanc
263;bonanza;Feliz;1;bonanz
264;bondad;Feliz;1;bond
265;bondadoso;Feliz;1;bondad
266;boom;Feliz;1;boom
267;boquear;Triste;-1;boqu
268;borrachera;Feliz;1;borracher
269;borrar;Triste;-1;borr
270;borrego;Triste;-1;borreg
271;borroso;Triste;-1;borros
272;botarate;Triste;-1;botarat
273;boyante;Feliz;1;boyant
274;brav�o;Feliz;1;brav�
275;bravo;Feliz;1;brav
276;broma;Feliz;1;brom
277;bromista;Feliz;1;bromist
278;bronco;Triste;-1;bronc
279;brotar;Feliz;1;brot
280;bruja;Triste;-1;bruj
281;brusco;Triste;-1;brusc
282;brusquedad;Triste;-1;brusqued
283;brutalidad;Triste;-1;brutal
284;bruto;Triste;-1;brut
285;bueno;Feliz;1;buen
286;buf�n;Triste;-1;buf�n
287;bulla;Feliz;1;bull
288;bullanguero;Feliz;1;bullanguer
289;bullicio;Feliz;1;bullici
290;burgu�s;Feliz;1;burgu�s
291;burgues�a;Feliz;1;burgues�
292;burla;Triste;-1;burl
293;burl�n;Triste;-1;burl�n
294;cabal;Feliz;1;cabal
295;cabizbajo;Triste;-1;cabizbaj
296;cadaver;Triste;-1;cadav
297;cad�veres;Triste;-1;cad�ver
298;cadav�rica;Triste;-1;cadav�r
299;caer;Triste;-1;caer
300;ca�da;Triste;-1;ca�d
301;caja;Triste;-1;caj
302;caj�n;Triste;-1;caj�n
303;calamidad;Triste;-1;calam
304;calamitoso;Triste;-1;calamit
305;calidad;Feliz;1;calid
306;c�lido;Feliz;1;c�lid
307;caliginoso;Triste;-1;caligin
308;calina;Triste;-1;calin
309;callado;Triste;-1;call
310;calvicie;Triste;-1;calvici
311;calvo;Triste;-1;calv
312;calzonazos;Triste;-1;calzonaz
313;cambiar;Feliz;1;cambi
314;campante;Feliz;1;campant
315;camposanto;Triste;-1;camposant
316;cansado;Triste;-1;cans
317;cansancio;Triste;-1;cansanci
318;caos;Triste;-1;caos
319;capilla;Triste;-1;capill
320;caprichoso;Triste;-1;caprich
321;carcajada;Feliz;1;carcaj
322;carcajeo;Feliz;1;carcaje
323;carecer;Triste;-1;carec
324;carencia;Triste;-1;carenci
325;carente;Triste;-1;carent
326;cariacontecido;Triste;-1;cariacontec
327;caricatura;Triste;-1;caricatur
328;caricaturesco;Triste;-1;caricaturesc
329;caricaturizar;Triste;-1;caricaturiz
330;caridad;Triste;-1;carid
331;cari�oso;Feliz;1;cari�
332;carnavalesco;Feliz;1;carnavalesc
333;carnicer�a;Triste;-1;carnicer�
334;Caronte;Triste;-1;caront
335;castigo;Triste;-1;castig
336;catacl�smico;Triste;-1;catacl�sm
337;cataclismo;Triste;-1;catacl
338;catacumba;Triste;-1;catacumb
339;catalepsia;Triste;-1;catalepsi
340;cat�strofe;Triste;-1;cat�strof
341;catastr�fico;Triste;-1;catastr�f
342;cavernoso;Triste;-1;cavern
343;cebarse;Triste;-1;ceb
344;ceder;Triste;-1;ced
345;ceguera;Triste;-1;ceguer
346;cejijunto;Triste;-1;cejijunt
347;celebrar;Feliz;1;celebr
348;cementerio;Triste;-1;cementeri
349;cenizas;Triste;-1;ceniz
350;ce�o;Triste;-1;ce�
351;ce�udo;Triste;-1;ce�ud
352;Cerbero;Triste;-1;cerber
353;cercar;Triste;-1;cerc
354;cerrar;Triste;-1;cerr
355;cerril;Triste;-1;cerril
356;cesante;Triste;-1;cesant
357;cesar;Triste;-1;ces
358;chancero;Feliz;1;chancer
359;chillar;Triste;-1;chill
360;chill�n;Triste;-1;chill�n
361;chiquilicuatro;Triste;-1;chiquilicuatr
362;chiste;Feliz;1;chist
363;chistoso;Feliz;1;chistos
364;chocar;Triste;-1;choc
365;choque;Triste;-1;choqu
366;chorrear;Triste;-1;chorr
367;cicl�n;Triste;-1;cicl�n
368;ciego;Triste;-1;cieg
369;cielo;Feliz;1;ciel
370;cierre;Triste;-1;cierr
371;clamar;Feliz;1;clam
372;clamor;Feliz;1;clamor
373;claudicaci�n;Triste;-1;claudicaci�n
374;claudicante;Triste;-1;claudic
375;clausura;Triste;-1;clausur
376;Cloto;Triste;-1;clot
377;coaccionar;Triste;-1;coaccion
378;cobarde;Triste;-1;cobard
379;cobard�a;Triste;-1;cobard�
380;coco;Triste;-1;coc
381;coito;Feliz;1;coit
382;cojera;Triste;-1;cojer
383;cojo;Triste;-1;coj
384;colisionar;Triste;-1;colision
385;columbario;Triste;-1;columbari
386;comez�n;Triste;-1;comez�n
387;comicidad;Feliz;1;comic
388;c�mico;Feliz;1;c�mic
389;comodidad;Feliz;1;comod
390;c�modo;Feliz;1;c�mod
391;compadecer;Triste;-1;compadec
392;compasi�n;Triste;-1;compasi�n
393;compasivo;Triste;-1;compas
394;compensaci�n;Feliz;1;compensaci�n
395;compensar;Feliz;1;compens
396;complacencia;Feliz;1;complacent
397;complacer;Feliz;1;complac
398;complaciente;Feliz;1;complacient
399;completar;Feliz;1;complet
400;compungido;Triste;-1;compung
401;conceder;Feliz;1;conced
402;concupiscencia;Feliz;1;concupiscent
403;condenaci�n;Triste;-1;condenaci�n
404;condescendencia;Triste;-1;condescendent
405;condescender;Triste;-1;condescend
406;condolencia;Triste;-1;condolent
407;condolerse;Triste;-1;condol
408;confiado;Feliz;1;confi
409;confianza;Feliz;1;confianz
410;confinamiento;Triste;-1;confin
411;confite;Feliz;1;confit
412;conflictivo;Triste;-1;conflict
413;confort;Feliz;1;confort
414;confundir;Triste;-1;confund
415;confusi�n;Triste;-1;confusi�n
416;confuso;Triste;-1;confus
417;congelaci�n;Triste;-1;congelaci�n
418;congelar;Triste;-1;congel
419;congoja;Triste;-1;congoj
420;conmoci�n;Triste;-1;conmoci�n
421;conmocionado;Triste;-1;conmocion
422;conmovedor;Triste;-1;conmovedor
423;conmover;Triste;-1;conmov
424;conquistador;Feliz;1;conquist
425;consentidor;Feliz;1;consentidor
426;consentimiento;Feliz;1;consent
427;conspicuo;Feliz;1;conspicu
428;consternaci�n;Triste;-1;consternaci�n
429;consternado;Triste;-1;constern
430;consumado;Triste;-1;consum
431;consunci�n;Triste;-1;consunci�n
432;contentamiento;Feliz;1;content
433;contrariado;Triste;-1;contrari
434;contrariedad;Triste;-1;contraried
435;contratiempo;Triste;-1;contratiemp
436;convencer;Feliz;1;convenc
437;conveniente;Feliz;1;convenient
438;convulsi�n;Triste;-1;convulsi�n
439;convulsionarse;Triste;-1;convulsion
440;convulso;Triste;-1;convuls
441;c�pula;Feliz;1;c�pul
442;copular;Feliz;1;copul
443;corito;Triste;-1;corit
444;corregir;Feliz;1;correg
445;cortejo;Triste;-1;cortej
446;corto;Triste;-1;cort
447;crecer;Feliz;1;crec
448;crecimiento;Feliz;1;crecimient
449;cremaci�n;Triste;-1;cremaci�n
450;cremar;Triste;-1;crem
451;creso;Feliz;1;cres
452;crimen;Triste;-1;crim
453;criminal;Triste;-1;criminal
454;cripta;Triste;-1;cript
455;crisis;Triste;-1;crisis
456;crucifixi�n;Triste;-1;crucifixi�n
457;cruel;Triste;-1;cruel
458;crueldad;Triste;-1;crueld
459;cuarentena;Triste;-1;cuarenten
460;cubrir;Feliz;1;cubr
461;cuchilladas;Triste;-1;cuchill
462;cuita;Triste;-1;cuit
463;culminante;Feliz;1;culmin
464;damnificado;Triste;-1;damnific
465;da�ado;Triste;-1;da�
466;da�oso;Triste;-1;da�os
467;dealdad;Triste;-1;deald
468;debacle;Triste;-1;debacl
469;d�bil;Triste;-1;d�bil
470;debilidad;Triste;-1;debil
471;debilitamiento;Triste;-1;debilit
472;decadencia;Triste;-1;decadent
473;deca�do;Triste;-1;deca�d
474;decaimiento;Triste;-1;decaimient
475;decapitaci�n;Triste;-1;decapitaci�n
476;decepci�n;Triste;-1;decepci�n
477;decepcionado;Triste;-1;decepcion
478;deceso;Triste;-1;deces
479;defecto;Triste;-1;defect
480;d�ficit;Triste;-1;d�ficit
481;deficitario;Triste;-1;deficitari
482;deformar;Triste;-1;deform
483;defunci�n;Triste;-1;defunci�n
484;degeneraci�n;Triste;-1;degeneraci�n
485;degenerado;Triste;-1;degener
486;degollamiento;Triste;-1;degoll
487;degollina;Triste;-1;degollin
488;degradarse;Triste;-1;degrad
489;deg�ello;Triste;-1;deg�ell
490;delectaci�n;Feliz;1;delectaci�n
491;deleitar;Feliz;1;deleit
492;delet�reo;Triste;-1;delet�re
493;delgado;Triste;-1;delg
494;delicia;Feliz;1;delici
495;delicitar;Feliz;1;delicit
496;demonio;Triste;-1;demoni
497;depauperaci�n;Triste;-1;depauperaci�n
498;depauperado;Triste;-1;depauper
499;deplorable;Triste;-1;deplor
500;depresi�n;Triste;-1;depresi�n
501;depresivo;Triste;-1;depres
502;deprimente;Triste;-1;depriment
503;deprimirse;Triste;-1;deprim
504;derramar;Triste;-1;derram
505;derrota;Triste;-1;derrot
506;derrumbarse;Triste;-1;derrumb
507;desabrido;Triste;-1;desabr
508;desabrigado;Triste;-1;desabrig
509;Desaconsejar;Triste;-1;desaconsej
510;desacreditado;Triste;-1;desacredit
511;desacuerdo;Triste;-1;desacuerd
512;desafecto;Triste;-1;desafect
513;desafortunado;Triste;-1;desafortun
514;desagradable;Triste;-1;desagrad
515;desagrado;Triste;-1;desagr
516;desahogado;Feliz;1;desahog
517;desahuciado;Triste;-1;desahuci
518;desairado;Triste;-1;desair
519;desalentado;Triste;-1;desalent
520;desaliento;Triste;-1;desalient
521;desamor;Triste;-1;desamor
522;desamparado;Triste;-1;desampar
523;desangrar;Triste;-1;desangr
524;desanimado;Triste;-1;desanim
525;des�nimo;Triste;-1;des�nim
526;desapacible;Triste;-1;desapac
527;desaparici�n;Triste;-1;desaparici�n
528;desarmado;Triste;-1;desarm
529;desarrollado;Feliz;1;desarroll
530;desasistencia;Triste;-1;desasistent
531;desasistido;Triste;-1;desasist
532;desasosegado;Triste;-1;desasoseg
533;desasosiego;Triste;-1;desasosieg
534;desastre;Triste;-1;desastr
535;desatenci�n;Triste;-1;desatenci�n
536;desatender;Triste;-1;desatend
537;desavenencia;Triste;-1;desavenent
538;desavenido;Triste;-1;desaven
539;desaz�n;Triste;-1;desaz�n
540;desazonado;Triste;-1;desazon
541;desbordante;Feliz;1;desbord
542;descalabrado;Triste;-1;descalabr
543;descamisado;Triste;-1;descamis
544;descanso;Feliz;1;descans
545;descarrilamiento;Triste;-1;descarril
546;descollante;Feliz;1;descoll
547;descomposici�n;Triste;-1;descomposici�n
548;descompuesto;Triste;-1;descompuest
549;desconforme;Triste;-1;desconform
550;desconocido;Triste;-1;desconoc
551;desconsolado;Triste;-1;desconsol
552;desconsuelo;Triste;-1;desconsuel
553;descontento;Triste;-1;descontent
554;descorazonado;Triste;-1;descorazon
555;descort�s;Triste;-1;descort�s
556;descortes�a;Triste;-1;descortes�
557;descoyuntarse;Triste;-1;descoyunt
558;descuajaringarse;Triste;-1;descuajaring
559;descuartizamiento;Triste;-1;descuartiz
560;descuidado;Triste;-1;descuid
561;descuido;Triste;-1;descu
562;desd�n;Triste;-1;desd�n
563;desde�ar;Triste;-1;desde�
564;desdibujado;Triste;-1;desdibuj
565;desdicha;Triste;-1;desdich
566;desencajarse;Triste;-1;desencaj
567;desencantado;Triste;-1;desencant
568;desenfrenado;Feliz;1;desenfren
569;desenga�ado;Triste;-1;desenga�
570;desenvuelto;Feliz;1;desenvuelt
571;des�rtico;Triste;-1;des�rtic
572;desertizar;Triste;-1;desertiz
573;desesperaci�n;Triste;-1;desesperaci�n
574;desesperado;Triste;-1;desesper
575;desesperanzador;Triste;-1;desesperanz
576;desfallecer;Triste;-1;desfallec
577;desfiguraci�n;Triste;-1;desfiguraci�n
578;desfigurado;Triste;-1;desfigur
579;desgracia;Triste;-1;desgraci
580;desguarnecer;Triste;-1;desguarnec
581;deshabitado;Triste;-1;deshabit
582;desheredado;Triste;-1;deshered
583;desierto;Triste;-1;desiert
584;desilusi�n;Triste;-1;desilusi�n
585;desilusionado;Triste;-1;desilusion
586;desinter�s;Triste;-1;desinter�s
587;desinteresarse;Triste;-1;desinteres
588;deslealtad;Triste;-1;deslealt
589;desligarse;Triste;-1;deslig
590;deslomarse;Triste;-1;deslom
591;deslucido;Triste;-1;desluc
592;deslustrado;Triste;-1;deslustr
593;Desmoralizaci�n;Triste;-1;desmoralizaci�n
594;desmoralizado;Triste;-1;desmoraliz
595;desnutrici�n;Triste;-1;desnutrici�n
596;desolaci�n;Triste;-1;desolaci�n
597;desolado;Triste;-1;desol
598;desolladura;Triste;-1;desolladur
599;despachar;Triste;-1;despach
600;despechado;Triste;-1;despech
601;despejar;Feliz;1;despej
602;despoblado;Triste;-1;despobl
603;despojar;Triste;-1;despoj
604;desposeer;Triste;-1;despos
605;despreciado;Triste;-1;despreci
606;despreocupaci�n;Feliz;1;despreocupaci�n
607;despreocupado;Feliz;1;despreocup
608;desproporci�n;Triste;-1;desproporci�n
609;desproporcionado;Triste;-1;desproporcion
610;destacado;Feliz;1;destac
611;destartalado;Triste;-1;destartal
612;desternillarse;Feliz;1;desternill
613;destrozo;Triste;-1;destroz
614;destrucci�n;Triste;-1;destrucci�n
615;destructivo;Triste;-1;destruct
616;destructor;Triste;-1;destructor
617;destruir;Triste;-1;destru
618;desvalido;Triste;-1;desval
619;desvelado;Triste;-1;desvel
620;desventaja;Triste;-1;desventaj
621;desventura;Triste;-1;desventur
622;desvergonzado;Triste;-1;desvergonz
623;desvincularse;Triste;-1;desvincul
624;deteriorado;Triste;-1;deterior
625;deuda;Triste;-1;deud
626;deudor;Triste;-1;deudor
627;devastaci�n;Triste;-1;devastaci�n
628;devastador;Triste;-1;devast
629;dicha;Feliz;1;dich
630;dichoso;Feliz;1;dichos
631;diezmar;Triste;-1;diezm
632;dif�cil;Triste;-1;dif�cil
633;dificultad;Triste;-1;dificult
634;difunto;Triste;-1;difunt
635;dignidad;Feliz;1;dignid
636;dimitir;Triste;-1;dimit
637;din�mico;Feliz;1;din�mic
638;dinero;Feliz;1;diner
639;di�arla;Triste;-1;di�
640;disconformidad;Triste;-1;disconform
641;discordante;Triste;-1;discord
642;discordia;Triste;-1;discordi
643;discrepancia;Triste;-1;discrep
644;discusi�n;Triste;-1;discusi�n
645;disecar;Triste;-1;disec
646;disecci�n;Triste;-1;disecci�n
647;disensi�n;Triste;-1;disensi�n
648;disentir;Triste;-1;disent
649;disfrutar;Feliz;1;disfrut
650;disgustado;Triste;-1;disgust
651;disparate;Triste;-1;disparat
652;disputa;Triste;-1;disput
653;distanciado;Triste;-1;distanci
654;distinguido;Feliz;1;distingu
655;distorsi�n;Triste;-1;distorsi�n
656;distorsionado;Triste;-1;distorsion
657;disuadir;Triste;-1;disuad
658;diversi�n;Feliz;1;diversi�n
659;divertido;Feliz;1;divert
660;doblegamiento;Triste;-1;dobleg
661;doler;Triste;-1;dol
662;doliente;Triste;-1;dolient
663;dolor;Triste;-1;dolor
664;dominante;Feliz;1;domin
665;dominio;Feliz;1;domini
666;donar;Triste;-1;don
667;donju�n;Feliz;1;donju�n
668;drama;Triste;-1;dram
669;dram�tico;Triste;-1;dram�tic
670;dramatismo;Triste;-1;dramat
671;dramatizar;Triste;-1;dramatiz
672;duelo;Triste;-1;duel
673;dulce;Feliz;1;dulc
674;dulzura;Feliz;1;dulzur
675;duro;Triste;-1;dur
676;edema;Triste;-1;edem
677;ed�n;Feliz;1;ed�n
678;efervescencia;Feliz;1;efervescent
679;eficacia;Feliz;1;eficaci
680;eficaz;Feliz;1;eficaz
681;ejecuci�n;Triste;-1;ejecuci�n
682;ejecutar;Triste;-1;ejecut
683;ejecutor;Triste;-1;ejecutor
684;electrocuci�n;Triste;-1;electrocuci�n
685;elevaci�n;Feliz;1;elevaci�n
686;elevado;Feliz;1;elev
687;eliminaci�n;Triste;-1;eliminaci�n
688;eliminar;Triste;-1;elimin
689;eludir;Triste;-1;elud
690;embalsamado;Triste;-1;embalsam
691;embalsamiento;Triste;-1;embals
692;embelesado;Feliz;1;embeles
693;embolia;Triste;-1;emboli
694;emborrachar;Feliz;1;emborrach
695;embriagador;Feliz;1;embriag
696;embriaguez;Feliz;1;embriaguez
697;embrutecerse;Triste;-1;embrutec
698;emotividad;Triste;-1;emot
699;empalamiento;Triste;-1;empal
700;empa�ar;Triste;-1;empa�
701;empaquetadura;Triste;-1;empaquetadur
702;emparedar;Triste;-1;empared
703;empeorar;Triste;-1;empeor
704;emperrado;Triste;-1;emperr
705;emp�reo;Feliz;1;emp�re
706;empobrecer;Triste;-1;empobrec
707;empuje;Feliz;1;empuj
708;empuj�n;Feliz;1;empuj�n
709;enajenaci�n;Triste;-1;enajenaci�n
710;enajenar;Triste;-1;enajen
711;enardecedor;Feliz;1;enardecedor
712;enardecer;Feliz;1;enardec
713;encantador;Feliz;1;encant
714;encarado;Triste;-1;encar
715;encarcelar;Triste;-1;encarcel
716;encerrado;Triste;-1;encerr
717;encierro;Triste;-1;encierr
718;encogerse;Triste;-1;encog
719;encumbrarse;Feliz;1;encumbr
720;endeudado;Triste;-1;endeud
721;enemigo;Triste;-1;enemig
722;enemistad;Triste;-1;enemist
723;enervante;Triste;-1;enerv
724;Enfadado;Triste;-1;enfad
725;enfermedad;Triste;-1;enfermed
726;enfermo;Triste;-1;enferm
727;enfoscar;Triste;-1;enfosc
728;enfrentar;Triste;-1;enfrent
729;enfriamiento;Triste;-1;enfriamient
730;enfriarse;Triste;-1;enfri
731;enfurru�arse;Triste;-1;enfurru�
732;engolosinar;Feliz;1;engolosin
733;engorro;Triste;-1;engorr
734;engrandecer;Feliz;1;engrandec
735;enloquecedor;Triste;-1;enloquecedor
736;enlutado;Triste;-1;enlut
737;enmendar;Feliz;1;enmend
738;enojadizo;Triste;-1;enojadiz
739;enojado;Triste;-1;enoj
740;enorgullecer;Feliz;1;enorgullec
741;enriquecerse;Feliz;1;enriquec
742;ensombrecer;Triste;-1;ensombrec
743;ensuciar;Triste;-1;ensuci
744;enternecedor;Feliz;1;enternecedor
745;enternecer;Feliz;1;enternec
746;enterramiento;Triste;-1;enterr
747;entierro;Triste;-1;entierr
748;entretener;Feliz;1;entreten
749;entristecedor;Triste;-1;entristecedor
750;entristecer;Triste;-1;entristec
751;enturbiar;Triste;-1;enturbi
752;entusiasmado;Feliz;1;entusiasm
753;envejecer;Triste;-1;envejec
754;envenenamiento;Triste;-1;envenen
755;envidia;Triste;-1;envidi
756;epic�reo;Feliz;1;epic�re
757;epidemia;Triste;-1;epidemi
758;Erinnias;Triste;-1;erinni
759;ermita�o;Triste;-1;ermita�
760;er�tico;Feliz;1;er�tic
761;erotismo;Feliz;1;erot
762;escabechina;Triste;-1;escabechin
763;escacharrar;Triste;-1;escacharr
764;escalar;Feliz;1;escal
765;escalofriante;Triste;-1;escalofri
766;escalofr�o;Triste;-1;escalofr�
767;escasez;Triste;-1;escasez
768;escaso;Triste;-1;escas
769;escatolog�a;Triste;-1;escatolog�
770;escatol�gico;Triste;-1;escatol�g
771;esclarecido;Feliz;1;esclarec
772;esclavitud;Triste;-1;esclavitud
773;esclavizarse;Triste;-1;esclaviz
774;esclavo;Triste;-1;esclav
775;escocer;Triste;-1;escoc
776;escr�pulo;Triste;-1;escr�pul
777;escurrir;Triste;-1;escurr
778;esfumado;Triste;-1;esfum
779;espantajo;Triste;-1;espantaj
780;espantap�jaros;Triste;-1;espantap�jar
781;espantar;Triste;-1;espant
782;esparcimiento;Feliz;1;esparc
783;espectral;Triste;-1;espectral
784;espeluznante;Triste;-1;espeluzn
785;esperpento;Triste;-1;esperpent
786;espichar;Triste;-1;espich
787;espl�ndido;Feliz;1;espl�ndid
788;esplendor;Feliz;1;esplendor
789;esquela;Triste;-1;esquel
790;esqueleto;Triste;-1;esquelet
791;esquilmado;Triste;-1;esquilm
792;esquivar;Triste;-1;esquiv
793;esquivez;Triste;-1;esquivez
794;estantigua;Triste;-1;estantigu
795;estepario;Triste;-1;estepari
796;est�ril;Triste;-1;est�ril
797;esterilidad;Triste;-1;esteril
798;esterilizar;Triste;-1;esteriliz
799;estertor;Triste;-1;estertor
800;estigio;Triste;-1;estigi
801;estimulaci�n;Feliz;1;estimulaci�n
802;estimulado;Feliz;1;estimul
803;est�mulo;Feliz;1;est�mul
804;estoicismo;Triste;-1;estoic
805;estrago;Triste;-1;estrag
806;estrangulaci�n;Triste;-1;estrangulaci�n
807;estrechez;Triste;-1;estrechez
808;estremecedor;Triste;-1;estremecedor
809;estremecer;Triste;-1;estremec
810;estropeado;Triste;-1;estrop
811;estupendo;Feliz;1;estupend
812;estupor;Triste;-1;estupor
813;euforia;Feliz;1;eufori
814;euf�rico;Feliz;1;euf�ric
815;eutanasia;Triste;-1;eutanasi
816;evitar;Triste;-1;evit
817;Evocaci�n;Triste;-1;evocaci�n
818;evocador;Triste;-1;evoc
819;evoluci�n;Feliz;1;evoluci�n
820;evolucionado;Feliz;1;evolucion
821;exaltaci�n;Feliz;1;exaltaci�n
822;exaltado;Feliz;1;exalt
823;exang�e;Triste;-1;exang�
824;ex�nime;Triste;-1;ex�nim
825;exasperante;Triste;-1;exasper
826;excelente;Feliz;1;excelent
827;excelso;Feliz;1;excels
828;excitaci�n;Feliz;1;excitaci�n
829;excitado;Feliz;1;excit
830;excluido;Triste;-1;exclu
831;exclusi�n;Triste;-1;exclusi�n
832;excreci�n;Triste;-1;excreci�n
833;exequias;Triste;-1;exequi
834;exhumaci�n;Triste;-1;exhumaci�n
835;exhumar;Triste;-1;exhum
836;exiguo;Triste;-1;exigu
837;�xito;Feliz;1;�xit
838;expandir;Feliz;1;expand
839;expansi�n;Feliz;1;expansi�n
840;expectaci�n;Feliz;1;expectaci�n
841;expectante;Feliz;1;expect
842;expiraci�n;Triste;-1;expiraci�n
843;expirante;Triste;-1;expir
844;explotar;Triste;-1;explot
845;expoliar;Triste;-1;expoli
846;expulsado;Triste;-1;expuls
847;expulsi�n;Triste;-1;expulsi�n
848;exquisito;Feliz;1;exquisit
849;extasiar;Feliz;1;extasi
850;�xtasis;Feliz;1;�xtasis
851;extenuaci�n;Triste;-1;extenuaci�n
852;extenuante;Triste;-1;extenu
853;exterminador;Triste;-1;extermin
854;exterminio;Triste;-1;extermini
855;extinci�n;Triste;-1;extinci�n
856;extinguirse;Triste;-1;extingu
857;extinto;Triste;-1;extint
858;extra�ar;Triste;-1;extra�
859;extraviado;Triste;-1;extravi
860;extrav�o;Triste;-1;extrav�
861;extremis;Triste;-1;extremis
862;exuberante;Feliz;1;exuber
863;exultaci�n;Feliz;1;exultaci�n
864;exultante;Feliz;1;exult
865;eyaculaci�n;Feliz;1;eyaculaci�n
866;eyacular;Feliz;1;eyacul
867;f�cil;Feliz;1;f�cil
868;facilidad;Feliz;1;facil
869;fallecer;Triste;-1;fallec
870;falta;Triste;-1;falt
871;fama;Feliz;1;fam
872;fam�lico;Triste;-1;fam�lic
873;famoso;Feliz;1;famos
874;fantasma;Triste;-1;fantasm
875;fantasmagor�a;Triste;-1;fantasmagor�
876;fantasmag�rico;Triste;-1;fantasmag�r
877;fantasmal;Triste;-1;fantasmal
878;fastidiado;Triste;-1;fastidi
879;fatal;Triste;-1;fatal
880;fat�dico;Triste;-1;fat�dic
881;fatiga;Triste;-1;fatig
882;fealdad;Triste;-1;feald
883;felicidad;Feliz;1;felic
884;Feliz;Feliz;1;feliz
885;fenecer;Triste;-1;fenec
886;feo;Triste;-1;feo
887;f�retro;Triste;-1;f�retr
888;f�rtil;Feliz;1;f�rtil
889;festejar;Feliz;1;festej
890;festivo;Feliz;1;festiv
891;fiambre;Triste;-1;fiambr
892;fiereza;Triste;-1;fierez
893;fiero;Triste;-1;fier
894;fiesta;Feliz;1;fiest
895;fil�n;Feliz;1;fil�n
896;filtrarse;Triste;-1;filtr
897;flaco;Triste;-1;flac
898;flacura;Triste;-1;flacur
899;flagelo;Triste;-1;flagel
900;flaquear;Triste;-1;flaqu
901;flaqueza;Triste;-1;flaquez
902;fl�bil;Triste;-1;fl�bil
903;flictenas;Triste;-1;flicten
904;flojo;Triste;-1;floj
905;florecer;Feliz;1;florec
906;floreciente;Feliz;1;florecient
907;fobia;Triste;-1;fobi
908;folletinesco;Triste;-1;folletinesc
909;fomentar;Feliz;1;foment
910;forense;Triste;-1;forens
911;formidable;Feliz;1;formid
912;fornicaci�n;Feliz;1;fornicaci�n
913;fornicador;Feliz;1;fornic
914;fortalecerse;Feliz;1;fortalec
915;Fortuna;Feliz;1;fortun
916;fosa;Triste;-1;fos
917;fosco;Triste;-1;fosc
918;fracasado;Triste;-1;fracas
919;frenes�;Feliz;1;frenes�
920;fren�tico;Feliz;1;fren�tic
921;fresco;Feliz;1;fresc
922;frialdad;Triste;-1;friald
923;fr�o;Triste;-1;fr�o
924;fructuoso;Feliz;1;fructuos
925;fruici�n;Feliz;1;fruici�n
926;fruir;Feliz;1;fru
927;frustraci�n;Triste;-1;frustraci�n
928;frustrado;Triste;-1;frustr
929;fuerte;Feliz;1;fuert
930;fuerza;Feliz;1;fuerz
931;fulminar;Triste;-1;fulmin
932;f�nebre;Triste;-1;f�nebr
933;funeral;Triste;-1;funeral
934;funeraria;Triste;-1;funerari
935;fun�reo;Triste;-1;fun�re
936;funesto;Triste;-1;funest
937;fusilamiento;Triste;-1;fusil
938;gafe;Triste;-1;gaf
939;gallofero;Triste;-1;gallofer
940;ganancia;Feliz;1;gananci
941;ganar;Feliz;1;gan
942;garrotevil;Triste;-1;garrotevil
943;gemebundo;Triste;-1;gemebund
944;gemido;Triste;-1;gem
945;gemidor;Triste;-1;gemidor
946;genocidio;Triste;-1;genocidi
947;gimiente;Triste;-1;gimient
948;gimoteador;Triste;-1;gimot
949;gimoteo;Triste;-1;gimote
950;gloria;Feliz;1;glori
951;glotoner�a;Feliz;1;glotoner�
952;goce;Feliz;1;goc
953;golfo;Feliz;1;golf
954;golosina;Feliz;1;golosin
955;golpe;Triste;-1;golp
956;gordo;Triste;-1;gord
957;gordura;Triste;-1;gordur
958;gotear;Triste;-1;got
959;gozar;Feliz;1;goz
960;gozoso;Feliz;1;gozos
961;gracioso;Feliz;1;gracios
962;grato;Feliz;1;grat
963;grave;Triste;-1;grav
964;grav�simo;Triste;-1;grav�sim
965;gritar;Triste;-1;grit
966;grit�n;Triste;-1;grit�n
967;groser�a;Triste;-1;groser�
968;grosero;Triste;-1;groser
969;grotesco;Triste;-1;grotesc
970;gru�ido;Triste;-1;gru�
971;gru�idor;Triste;-1;gru�idor
972;gru��n;Triste;-1;gru��n
973;guada�a;Triste;-1;guada�
974;guerra;Triste;-1;guerr
975;guillotina;Triste;-1;guillotin
976;gula;Feliz;1;gul
977;gusanillo;Triste;-1;gusanill
978;gusanos;Triste;-1;gusan
979;gustar;Feliz;1;gust
980;hacendado;Feliz;1;hacend
981;halagador;Feliz;1;halag
982;hambre;Triste;-1;hambr
983;hambriento;Triste;-1;hambrient
984;harakiri;Triste;-1;harakiri
985;hartarse;Triste;-1;hart
986;hastiado;Triste;-1;hasti
987;hast�o;Triste;-1;hast�
988;hazmerre�r;Triste;-1;hazmerre�r
989;hecatombe;Triste;-1;hecatomb
990;hechizado;Triste;-1;hechiz
991;hedonismo;Feliz;1;hedon
992;herida;Triste;-1;her
993;herm�tico;Triste;-1;herm�tic
994;hermetismo;Triste;-1;hermet
995;hermoseamiento;Feliz;1;hermos
996;hilarante;Feliz;1;hilar
997;hincharse;Feliz;1;hinch
998;hipar;Triste;-1;hip
999;hiperestesia;Triste;-1;hiperestesi
1000;hipocondr�a;Triste;-1;hipocondr�
1001;hipocondr�aco;Triste;-1;hipocondr�ac
1002;hiriente;Triste;-1;hirient
1003;histeria;Triste;-1;histeri
1004;hist�rico;Triste;-1;hist�ric
1005;holganza;Feliz;1;holganz
1006;holgar;Feliz;1;holg
1007;holgazaner�a;Triste;-1;holgazaner�
1008;holocausto;Triste;-1;holocaust
1009;homicida;Triste;-1;homic
1010;homicidio;Triste;-1;homicidi
1011;hominicaco;Triste;-1;hominicac
1012;hondo;Triste;-1;hond
1013;horca;Triste;-1;horc
1014;horrible;Triste;-1;horribl
1015;horror;Triste;-1;horror
1016;hosco;Triste;-1;hosc
1017;hosquedad;Triste;-1;hosqued
1018;hostigar;Triste;-1;hostig
1019;hostil;Triste;-1;hostil
1020;hostilizar;Triste;-1;hostiliz
1021;hu�rfano;Triste;-1;hu�rfan
1022;huidizo;Triste;-1;huidiz
1023;huir;Triste;-1;huir
1024;humildad;Triste;-1;humild
1025;humillaci�n;Triste;-1;humillaci�n
1026;humillar;Triste;-1;humill
1027;humor�sticamente;Feliz;1;humor�st
1028;hundimiento;Triste;-1;hundimient
1029;hundir;Triste;-1;hund
1030;hurac�n;Triste;-1;hurac�n
1031;hura��a;Triste;-1;hura��
1032;hura�o;Triste;-1;hura�
1033;hurra;Feliz;1;hurr
1034;ideal;Feliz;1;ideal
1035;idealizaci�n;Feliz;1;idealizaci�n
1036;idealizar;Feliz;1;idealiz
1037;ignorancia;Triste;-1;ignor
1038;ignoto;Triste;-1;ignot
1039;ilustre;Feliz;1;ilustr
1040;impaciencia;Triste;-1;impacient
1041;impecable;Feliz;1;impec
1042;impedir;Triste;-1;imped
1043;impenetrabilidad;Triste;-1;impenetr
1044;imperfecci�n;Triste;-1;imperfecci�n
1045;imperfecto;Triste;-1;imperfect
1046;implorante;Triste;-1;implor
1047;impopular;Triste;-1;impopul
1048;importante;Feliz;1;import
1049;impotencia;Triste;-1;impotent
1050;impreciso;Triste;-1;imprecis
1051;impresionable;Triste;-1;impresion
1052;improductividad;Triste;-1;improduct
1053;impulsado;Feliz;1;impuls
1054;inaguantable;Triste;-1;inaguant
1055;inanici�n;Triste;-1;inanici�n
1056;inanimado;Triste;-1;inanim
1057;incendiarse;Triste;-1;incendi
1058;incentivo;Feliz;1;incent
1059;incertidumbre;Triste;-1;incertidumbr
1060;incidente;Triste;-1;incident
1061;inclemente;Triste;-1;inclement
1062;incomodado;Triste;-1;incomod
1063;inc�modo;Triste;-1;inc�mod
1064;incompatibilidad;Triste;-1;incompatibil
1065;incompatible;Triste;-1;incompat
1066;incompetencia;Triste;-1;incompetent
1067;incomprensi�n;Triste;-1;incomprensi�n
1068;incomunicaci�n;Triste;-1;incomunicaci�n
1069;incomunicado;Triste;-1;incomunic
1070;inconsolable;Triste;-1;inconsol
1071;incorrecci�n;Triste;-1;incorrecci�n
1072;incorrecto;Triste;-1;incorrect
1073;incrementado;Feliz;1;increment
1074;inculto;Triste;-1;incult
1075;incultura;Triste;-1;incultur
1076;incurable;Triste;-1;incur
1077;indeciso;Triste;-1;indecis
1078;indefensi�n;Triste;-1;indefensi�n
1079;indefenso;Triste;-1;indefens
1080;Indemnizaci�n;Feliz;1;indemnizaci�n
1081;indigencia;Triste;-1;indigent
1082;indigestarse;Triste;-1;indigest
1083;indignaci�n;Triste;-1;indignaci�n
1084;indignado;Triste;-1;indign
1085;indisposici�n;Triste;-1;indisposici�n
1086;indistinto;Triste;-1;indistint
1087;ineptitud;Triste;-1;ineptitud
1088;inerme;Triste;-1;inerm
1089;inestabilidad;Triste;-1;inest
1090;infanticidio;Triste;-1;infanticidi
1091;infarto;Triste;-1;infart
1092;infausto;Triste;-1;infaust
1093;infecci�n;Triste;-1;infecci�n
1094;infecundidad;Triste;-1;infecund
1095;infelicidad;Triste;-1;infel
1096;infeliz;Triste;-1;infeliz
1097;inf�rtil;Triste;-1;inf�rtil
1098;infertilidad;Triste;-1;infertil
1099;infierno;Triste;-1;infiern
1100;infortunado;Triste;-1;infortun
1101;infortunio;Triste;-1;infortuni
1102;infrahumano;Triste;-1;infrahuman
1103;ingratitud;Triste;-1;ingratitud
1104;ingrato;Triste;-1;ingrat
1105;inhumaci�n;Triste;-1;inhumaci�n
1106;inhumar;Triste;-1;inhum
1107;inimitable;Feliz;1;inimit
1108;inmolaci�n;Triste;-1;inmolaci�n
1109;inmolar;Triste;-1;inmol
1110;innovaci�n;Feliz;1;innovaci�n
1111;innovador;Feliz;1;innov
1112;inopia;Triste;-1;inopi
1113;inoportuno;Triste;-1;inoportun
1114;Inquietante;Triste;-1;inquiet
1115;inquietud;Triste;-1;inquietud
1116;insatisfecho;Triste;-1;insatisfech
1117;insidioso;Triste;-1;insidi
1118;insignificancia;Triste;-1;insignif
1119;ins�pido;Triste;-1;ins�pid
1120;insociabilidad;Triste;-1;insoci
1121;insolvencia;Triste;-1;insolvent
1122;insomne;Triste;-1;insomn
1123;insomnio;Triste;-1;insomni
1124;insoportable;Triste;-1;insoport
1125;insuficiencia;Triste;-1;insuficient
1126;insufrible;Triste;-1;insufr
1127;insulso;Triste;-1;insuls
1128;insultar;Triste;-1;insult
1129;insuperable;Feliz;1;insuper
1130;intachable;Feliz;1;intach
1131;intensificaci�n;Feliz;1;intensificaci�n
1132;intensificado;Feliz;1;intensific
1133;inter�s;Feliz;1;inter�s
1134;interesado;Feliz;1;interes
1135;internar;Triste;-1;intern
1136;intimidad;Triste;-1;intim
1137;�ntimo;Triste;-1;�ntim
1138;intolerancia;Triste;-1;intoler
1139;intranquilidad;Triste;-1;intranquil
1140;Intranquilizador;Triste;-1;intranquiliz
1141;intransigencia;Triste;-1;intransigent
1142;intratable;Triste;-1;intrat
1143;introversi�n;Triste;-1;introversi�n
1144;introvertido;Triste;-1;introvert
1145;inundaci�n;Triste;-1;inundaci�n
1146;inundarse;Triste;-1;inund
1147;invalidez;Triste;-1;invalidez
1148;inv�lido;Triste;-1;inv�lid
1149;invocaci�n;Triste;-1;invocaci�n
1150;invocador;Triste;-1;invoc
1151;ira;Triste;-1;ira
1152;iracundo;Triste;-1;iracund
1153;irascible;Triste;-1;irasc
1154;irregular;Triste;-1;irregul
1155;irregularidad;Triste;-1;irregular
1156;irresoluto;Triste;-1;irresolut
1157;irresponsable;Triste;-1;irrespons
1158;irritaci�n;Triste;-1;irritaci�n
1159;irritado;Triste;-1;irrit
1160;jacarandoso;Feliz;1;jacarand
1161;jadeante;Triste;-1;jadeant
1162;jam�s;Triste;-1;jam�s
1163;jaranear;Feliz;1;jaran
1164;jaranero;Feliz;1;jaraner
1165;Jauja;Feliz;1;jauj
1166;jocoso;Feliz;1;jocos
1167;jocundo;Feliz;1;jocund
1168;jolgorio;Feliz;1;jolgori
1169;joroba;Triste;-1;jorob
1170;jovial;Feliz;1;jovial
1171;j�bilo;Feliz;1;j�bil
1172;jubilosamente;Feliz;1;jubil
1173;juerga;Feliz;1;juerg
1174;juerguista;Feliz;1;juerguist
1175;juguet�n;Feliz;1;juguet�n
1176;lacer�a;Triste;-1;lacer�
1177;lacrim�geno;Triste;-1;lacrim�gen
1178;lacrimoso;Triste;-1;lacrim
1179;l�grima;Triste;-1;l�grim
1180;lagrimear;Triste;-1;lagrim
1181;lagrimeo;Triste;-1;lagrime
1182;lamentable;Triste;-1;lament
1183;lamentaci�n;Triste;-1;lamentaci�n
1184;languidecer;Triste;-1;languidec
1185;languidez;Triste;-1;languidez
1186;lapidaci�n;Triste;-1;lapidaci�n
1187;lascivo;Feliz;1;lasciv
1188;l�stima;Triste;-1;l�stim
1189;lastimado;Triste;-1;lastim
1190;Lastimero;Triste;-1;lastimer
1191;latoso;Triste;-1;latos
1192;l�zaro;Triste;-1;l�zar
1193;lejan�a;Triste;-1;lejan�
1194;lejano;Triste;-1;lejan
1195;lesi�n;Triste;-1;lesi�n
1196;lesionado;Triste;-1;lesion
1197;lesivo;Triste;-1;lesiv
1198;letal;Triste;-1;letal
1199;libertino;Feliz;1;libertin
1200;limitaci�n;Triste;-1;limitaci�n
1201;limitado;Triste;-1;limit
1202;l�mite;Triste;-1;l�mit
1203;limosnero;Triste;-1;limosner
1204;linchamiento;Triste;-1;linchamient
1205;liquidaci�n;Triste;-1;liquidaci�n
1206;liquidar;Triste;-1;liquid
1207;lisiado;Triste;-1;lisi
1208;lisiadura;Triste;-1;lisiadur
1209;lividez;Triste;-1;lividez
1210;l�vido;Triste;-1;l�vid
1211;llantina;Triste;-1;llantin
1212;llanto;Triste;-1;llant
1213;llenarse;Feliz;1;llen
1214;llorar;Triste;-1;llor
1215;llorera;Triste;-1;llorer
1216;llorica;Triste;-1;lloric
1217;lloriquear;Triste;-1;lloriqu
1218;lloriqueo;Triste;-1;llorique
1219;llor�n;Triste;-1;llor�n
1220;lloroso;Triste;-1;lloros
1221;lluvioso;Triste;-1;lluvios
1222;l�brego;Triste;-1;l�breg
1223;lobreguez;Triste;-1;lobreguez
1224;loco;Triste;-1;loc
1225;locura;Triste;-1;locur
1226;logrado;Feliz;1;logr
1227;lucrativo;Feliz;1;lucrat
1228;luctuoso;Triste;-1;luctuos
1229;l�gubre;Triste;-1;l�gubr
1230;lujo;Feliz;1;luj
1231;lujoso;Feliz;1;lujos
1232;lujuria;Feliz;1;lujuri
1233;luto;Triste;-1;lut
1234;macabra;Triste;-1;macabr
1235;magnicidio;Triste;-1;magnicidi
1236;magn�fico;Feliz;1;magn�fic
1237;mal;Triste;-1;mal
1238;malagana;Triste;-1;malagan
1239;malandanza;Triste;-1;maland
1240;malasombra;Triste;-1;malasombr
1241;malcarado;Triste;-1;malcar
1242;maldad;Triste;-1;mald
1243;maldici�n;Triste;-1;maldici�n
1244;maldito;Triste;-1;maldit
1245;mal�fico;Triste;-1;mal�fic
1246;malestar;Triste;-1;malest
1247;malhadado;Triste;-1;malhad
1248;malhumorado;Triste;-1;malhumor
1249;maligno;Triste;-1;malign
1250;malogrado;Triste;-1;malogr
1251;malvivir;Triste;-1;malviv
1252;mamarracho;Triste;-1;mamarrach
1253;manchar;Triste;-1;manch
1254;manco;Triste;-1;manc
1255;mangancia;Triste;-1;manganci
1256;mangante;Triste;-1;mangant
1257;man�a;Triste;-1;man�
1258;mani�tico;Triste;-1;mani�t
1259;manifestaci�n;Triste;-1;manifestaci�n
1260;manquera;Triste;-1;manquer
1261;mansedumbre;Triste;-1;mansedumbr
1262;manso;Triste;-1;mans
1263;maravillar;Feliz;1;maravill
1264;marchitamiento;Triste;-1;marchit
1265;maremoto;Triste;-1;maremot
1266;m�rtir;Triste;-1;m�rtir
1267;martirio;Triste;-1;martiri
1268;martirizado;Triste;-1;martiriz
1269;masacre;Triste;-1;masacr
1270;matanza;Triste;-1;matanz
1271;matarse;Triste;-1;mat
1272;meditabundo;Triste;-1;meditabund
1273;meditaci�n;Triste;-1;meditaci�n
1274;meditar;Triste;-1;medit
1275;medrar;Feliz;1;medr
1276;mejor;Feliz;1;mejor
1277;mejor�a;Feliz;1;mejor�
1278;melancol�a;Triste;-1;melancol�
1279;melanc�lico;Triste;-1;melanc�l
1280;melodram�tico;Triste;-1;melodram�t
1281;mendicante;Triste;-1;mendic
1282;mendigar;Triste;-1;mendig
1283;menos;Triste;-1;men
1284;menospreciarse;Triste;-1;menospreci
1285;mequetrefe;Triste;-1;mequetref
1286;metempsicosis;Triste;-1;metempsicosis
1287;mezquindad;Triste;-1;mezquind
1288;mezquino;Triste;-1;mezquin
1289;miedo;Triste;-1;mied
1290;miedoso;Triste;-1;miedos
1291;millonario;Feliz;1;millonari
1292;mimado;Feliz;1;mim
1293;min�sculo;Triste;-1;min�scul
1294;misantrop�a;Triste;-1;misantrop�
1295;mis�ntropo;Triste;-1;mis�ntrop
1296;miserable;Triste;-1;miser
1297;miseria;Triste;-1;miseri
1298;m�sero;Triste;-1;m�ser
1299;mis�rrimo;Triste;-1;mis�rrim
1300;misoginia;Triste;-1;misogini
1301;mis�gino;Triste;-1;mis�gin
1302;modernidad;Feliz;1;modern
1303;modernizar;Feliz;1;moderniz
1304;modificaci�n;Feliz;1;modificaci�n
1305;modificar;Feliz;1;modific
1306;moh�no;Triste;-1;moh�n
1307;mojar;Triste;-1;moj
1308;molestar;Triste;-1;molest
1309;molestia;Triste;-1;molesti
1310;molicie;Feliz;1;molici
1311;momia;Triste;-1;momi
1312;momificaci�n;Triste;-1;momificaci�n
1313;momificado;Triste;-1;momific
1314;monicaco;Triste;-1;monicac
1315;monigote;Triste;-1;monigot
1316;monje;Triste;-1;monj
1317;monstruo;Triste;-1;monstru
1318;monstruoso;Triste;-1;monstruos
1319;montaraz;Triste;-1;montaraz
1320;morgue;Triste;-1;morg
1321;moribundo;Triste;-1;moribund
1322;morir;Triste;-1;mor
1323;moroso;Triste;-1;moros
1324;morri�a;Triste;-1;morri�
1325;mortaja;Triste;-1;mortaj
1326;mortal;Triste;-1;mortal
1327;mortandad;Triste;-1;mortand
1328;mort�fero;Triste;-1;mort�fer
1329;mortificaci�n;Triste;-1;mortificaci�n
1330;mortificado;Triste;-1;mortific
1331;mortificante;Triste;-1;mortif
1332;mortuorio;Triste;-1;mortuori
1333;mot�n;Triste;-1;mot�n
1334;mudo;Triste;-1;mud
1335;muerte;Triste;-1;muert
1336;mujeriego;Feliz;1;mujerieg
1337;mundano;Feliz;1;mundan
1338;murmurador;Triste;-1;murmur
1339;mustio;Triste;-1;musti
1340;mutilaci�n;Triste;-1;mutilaci�n
1341;mutilado;Triste;-1;mutil
1342;naufragar;Triste;-1;naufrag
1343;naufragio;Triste;-1;naufragi
1344;neblina;Triste;-1;neblin
1345;nebulosidad;Triste;-1;nebul
1346;necesidad;Triste;-1;neces
1347;necesitado;Triste;-1;necesit
1348;necrocomio;Triste;-1;necrocomi
1349;necrofagia;Triste;-1;necrofagi
1350;necr�fago;Triste;-1;necr�fag
1351;necrofilia;Triste;-1;necrofili
1352;necr�filo;Triste;-1;necr�fil
1353;necrol�gico;Triste;-1;necrol�g
1354;necr�polis;Triste;-1;necr�polis
1355;necropsia;Triste;-1;necropsi
1356;nefasto;Triste;-1;nefast
1357;negro;Triste;-1;negr
1358;negrura;Triste;-1;negrur
1359;nervios;Triste;-1;nervi
1360;nervioso;Triste;-1;nervios
1361;neurastenia;Triste;-1;neurasteni
1362;neurast�nico;Triste;-1;neurast�n
1363;neurosis;Triste;-1;neurosis
1364;neur�tico;Triste;-1;neur�tic
1365;nicho;Triste;-1;nich
1366;niebla;Triste;-1;niebl
1367;nocivo;Triste;-1;nociv
1368;nostalgia;Triste;-1;nostalgi
1369;Nost�lgico;Triste;-1;nost�lgic
1370;notable;Feliz;1;notabl
1371;nublado;Triste;-1;nubl
1372;nulidad;Triste;-1;nulid
1373;�o�o;Triste;-1;�o�
1374;obedecer;Triste;-1;obedec
1375;obediencia;Triste;-1;obedient
1376;�bito;Triste;-1;�bit
1377;obstaculizar;Triste;-1;obstaculiz
1378;obstinaci�n;Triste;-1;obstinaci�n
1379;obstinado;Triste;-1;obstin
1380;obturaci�n;Triste;-1;obturaci�n
1381;obturado;Triste;-1;obtur
1382;ocaso;Triste;-1;ocas
1383;occiso;Triste;-1;occis
1384;ochavo;Triste;-1;ochav
1385;ocio;Feliz;1;oci
1386;ocluir;Triste;-1;oclu
1387;ocultaci�n;Triste;-1;ocultaci�n
1388;ocultar;Triste;-1;ocult
1389;odiar;Triste;-1;odi
1390;odioso;Triste;-1;odios
1391;odisea;Triste;-1;odise
1392;ofender;Triste;-1;ofend
1393;ojeriza;Triste;-1;ojeriz
1394;ol�;Feliz;1;ol�
1395;olvidado;Triste;-1;olvid
1396;omnipotente;Feliz;1;omnipotent
1397;opaca;Triste;-1;opac
1398;oponerse;Triste;-1;opon
1399;oportuno;Feliz;1;oportun
1400;oposici�n;Triste;-1;oposici�n
1401;optimismo;Feliz;1;optim
1402;opuesto;Triste;-1;opuest
1403;opulencia;Feliz;1;opulent
1404;ordinariez;Triste;-1;ordinariez
1405;ordinario;Triste;-1;ordinari
1406;orfandad;Triste;-1;orfand
1407;orgasmo;Feliz;1;orgasm
1408;org�a;Feliz;1;org�a
1409;orgi�stico;Feliz;1;orgi�st
1410;orondo;Feliz;1;orond
1411;osario;Triste;-1;osari
1412;oscurecer;Triste;-1;oscurec
1413;oscuridad;Triste;-1;oscur
1414;padecer;Triste;-1;padec
1415;paladear;Feliz;1;palad
1416;paladeo;Feliz;1;palade
1417;palidecer;Triste;-1;palidec
1418;palidez;Triste;-1;palidez
1419;palmar;Triste;-1;palm
1420;palmotear;Feliz;1;palmot
1421;paneg�rico;Triste;-1;paneg�r
1422;pante�n;Triste;-1;pante�n
1423;para�so;Feliz;1;para�s
1424;parca;Triste;-1;parc
1425;pardo;Triste;-1;pard
1426;paria;Triste;-1;pari
1427;parrandear;Feliz;1;parrand
1428;parrandero;Feliz;1;parrander
1429;parricida;Triste;-1;parric
1430;parricidio;Triste;-1;parricidi
1431;pasi�n;Feliz;1;pasi�n
1432;pasional;Feliz;1;pasional
1433;pasividad;Triste;-1;pasiv
1434;pat�tico;Triste;-1;pat�tic
1435;patetismo;Triste;-1;patet
1436;patibulario;Triste;-1;patibulari
1437;paup�rrimo;Triste;-1;paup�rrim
1438;pavoroso;Triste;-1;pavor
1439;pedig�e�o;Triste;-1;pedig�e�
1440;pedregoso;Triste;-1;pedreg
1441;pelado;Triste;-1;pel
1442;pelagatos;Triste;-1;pelagat
1443;pelanas;Triste;-1;pelan
1444;pelea;Triste;-1;pele
1445;peligrar;Triste;-1;peligr
1446;pelma;Triste;-1;pelm
1447;pena;Triste;-1;pen
1448;penalidad;Triste;-1;penal
1449;pend�n;Feliz;1;pend�n
1450;penoso;Triste;-1;penos
1451;penuria;Triste;-1;penuri
1452;peque�ez;Triste;-1;peque�ez
1453;peque�o;Triste;-1;peque�
1454;percance;Triste;-1;percanc
1455;perder;Triste;-1;perd
1456;perdici�n;Triste;-1;perdici�n
1457;p�rdida;Triste;-1;p�rdid
1458;perdulario;Triste;-1;perdulari
1459;perecer;Triste;-1;perec
1460;pereza;Triste;-1;perez
1461;perfeccionado;Feliz;1;perfeccion
1462;perfecto;Feliz;1;perfect
1463;perjudicado;Triste;-1;perjudic
1464;perjudicial;Triste;-1;perjudicial
1465;perjuicio;Triste;-1;perjuici
1466;perturbaci�n;Triste;-1;perturbaci�n
1467;perturbado;Triste;-1;perturb
1468;pesadez;Triste;-1;pesadez
1469;pesadilla;Triste;-1;pesadill
1470;pesado;Triste;-1;pes
1471;pesadumbre;Triste;-1;pesadumbr
1472;p�same;Triste;-1;p�sam
1473;pesaroso;Triste;-1;pesar
1474;pesimismo;Triste;-1;pesim
1475;peste;Triste;-1;pest
1476;picaresca;Triste;-1;picaresc
1477;p�caro;Triste;-1;p�car
1478;picarse;Triste;-1;pic
1479;piedad;Triste;-1;pied
1480;pillaje;Triste;-1;pillaj
1481;piller�a;Triste;-1;piller�
1482;pillo;Triste;-1;pill
1483;pique;Triste;-1;piqu
1484;placentero;Feliz;1;placenter
1485;placer;Feliz;1;plac
1486;placidez;Feliz;1;placidez
1487;pl�cido;Feliz;1;pl�cid
1488;plaga;Triste;-1;plag
1489;pla�idero;Triste;-1;pla�ider
1490;pla�ido;Triste;-1;pla�
1491;pleites�a;Triste;-1;pleites�
1492;pobre;Triste;-1;pobr
1493;pobrete;Triste;-1;pobret
1494;pobreter�a;Triste;-1;pobreter�
1495;pobret�n;Triste;-1;pobret�n
1496;pobreza;Triste;-1;pobrez
1497;poderoso;Feliz;1;poder
1498;pordiosear;Triste;-1;pordios
1499;pordioser�a;Triste;-1;pordioser�
1500;pordiosero;Triste;-1;pordioser
1501;postraci�n;Triste;-1;postraci�n
1502;postrarse;Triste;-1;postr
1503;postrimer�a;Triste;-1;postrimer�
1504;p�stumo;Triste;-1;p�stum
1505;potentado;Feliz;1;potent
1506;precipitaci�n;Triste;-1;precipitaci�n
1507;predestinaci�n;Triste;-1;predestinaci�n
1508;predestinado;Triste;-1;predestin
1509;predominante;Feliz;1;predomin
1510;predominio;Feliz;1;predomini
1511;preferencia;Feliz;1;preferent
1512;preferible;Feliz;1;prefer
1513;preocupaci�n;Triste;-1;preocupaci�n
1514;preocupado;Triste;-1;preocup
1515;prestigioso;Feliz;1;prestigi
1516;primordial;Feliz;1;primordial
1517;principal;Feliz;1;principal
1518;prisi�n;Triste;-1;prisi�n
1519;privaci�n;Triste;-1;privaci�n
1520;privado;Triste;-1;priv
1521;productivo;Feliz;1;product
1522;progresar;Feliz;1;progres
1523;promoci�n;Feliz;1;promoci�n
1524;promocionar;Feliz;1;promocion
1525;promover;Feliz;1;promov
1526;propiciar;Feliz;1;propici
1527;propio;Feliz;1;propi
1528;prorrumpir;Triste;-1;prorrump
1529;pr�speramente;Feliz;1;pr�sper
1530;prosperar;Feliz;1;prosper
1531;protesta;Triste;-1;protest
1532;protest�n;Triste;-1;protest�n
1533;provechoso;Feliz;1;provech
1534;prurito;Triste;-1;prurit
1535;psic�pata;Triste;-1;psic�pat
1536;psicosis;Triste;-1;psicosis
1537;pucheros;Triste;-1;pucher
1538;pudiente;Feliz;1;pudient
1539;pudridero;Triste;-1;pudrider
1540;pugna;Triste;-1;pugn
1541;pujante;Feliz;1;pujant
1542;pujanza;Feliz;1;pujanz
1543;pu�aladas;Triste;-1;pu�al
1544;purga;Triste;-1;purg
1545;purgatorio;Triste;-1;purgatori
1546;purificaci�n;Feliz;1;purificaci�n
1547;purificar;Feliz;1;purific
1548;pusil�nime;Triste;-1;pusil�nim
1549;putero;Feliz;1;puter
1550;putrefacci�n;Triste;-1;putrefacci�n
1551;putrefacto;Triste;-1;putrefact
1552;quebrado;Triste;-1;quebr
1553;quebranto;Triste;-1;quebrant
1554;queja;Triste;-1;quej
1555;quejica;Triste;-1;quejic
1556;quejoso;Triste;-1;quejos
1557;quejumbroso;Triste;-1;quejumbr
1558;quiebra;Triste;-1;quiebr
1559;quisquilloso;Triste;-1;quisquill
1560;quitar;Triste;-1;quit
1561;rabia;Triste;-1;rabi
1562;rabieta;Triste;-1;rabiet
1563;rabioso;Triste;-1;rabios
1564;radiante;Feliz;1;radiant
1565;raqu�tico;Triste;-1;raqu�t
1566;raquitismo;Triste;-1;raquit
1567;rastras;Triste;-1;rastr
1568;rastrero;Triste;-1;rastrer
1569;rebasar;Feliz;1;rebas
1570;rebelde;Triste;-1;rebeld
1571;recelar;Triste;-1;recel
1572;recesi�n;Triste;-1;recesi�n
1573;rechazado;Triste;-1;rechaz
1574;recluir;Triste;-1;reclu
1575;reclusi�n;Triste;-1;reclusi�n
1576;recogerse;Triste;-1;recog
1577;recoleto;Triste;-1;recolet
1578;reconcomer;Triste;-1;reconcom
1579;reconcomio;Triste;-1;reconcomi
1580;reconstruir;Triste;-1;reconstru
1581;recordar;Triste;-1;record
1582;recordatorio;Triste;-1;recordatori
1583;recuperaci�n;Feliz;1;recuperaci�n
1584;recuperar;Feliz;1;recuper
1585;reducci�n;Triste;-1;reducci�n
1586;reducido;Triste;-1;reduc
1587;refinado;Feliz;1;refin
1588;refocilar;Feliz;1;refocil
1589;reforma;Feliz;1;reform
1590;regalar;Feliz;1;regal
1591;regal�n;Feliz;1;regal�n
1592;regeneraci�n;Feliz;1;regeneraci�n
1593;regenerar;Feliz;1;regener
1594;regocijadamente;Feliz;1;regocij
1595;regodearse;Feliz;1;regod
1596;regodeo;Feliz;1;regode
1597;rehabilitaci�n;Feliz;1;rehabilitaci�n
1598;rehabilitar;Feliz;1;rehabilit
1599;rehuir;Triste;-1;rehu
1600;reidor;Feliz;1;reidor
1601;reir;Feliz;1;reir
1602;rejuvenecer;Feliz;1;rejuvenec
1603;reliquias;Triste;-1;reliqui
1604;rematar;Triste;-1;remat
1605;remorder;Triste;-1;remord
1606;remoto;Triste;-1;remot
1607;renacimiento;Feliz;1;renac
1608;rencor;Triste;-1;rencor
1609;rendici�n;Triste;-1;rendici�n
1610;rendirse;Triste;-1;rend
1611;renovaci�n;Feliz;1;renovaci�n
1612;renovar;Feliz;1;renov
1613;renuncia;Triste;-1;renunci
1614;re�ido;Triste;-1;re�
1615;reparaci�n;Feliz;1;reparaci�n
1616;reparar;Feliz;1;repar
1617;repelente;Triste;-1;repelent
1618;repeler;Triste;-1;repel
1619;repleto;Feliz;1;replet
1620;repudiado;Triste;-1;repudi
1621;repugnado;Triste;-1;repugn
1622;repulsi�n;Triste;-1;repulsi�n
1623;repulsivo;Triste;-1;repuls
1624;r�quiem;Triste;-1;r�quiem
1625;rescate;Triste;-1;rescat
1626;reseco;Triste;-1;resec
1627;resentido;Triste;-1;resent
1628;resignaci�n;Triste;-1;resignaci�n
1629;resignado;Triste;-1;resign
1630;resistencia;Triste;-1;resistent
1631;responso;Triste;-1;respons
1632;resquemor;Triste;-1;resquemor
1633;restablecerse;Feliz;1;restablec
1634;retirado;Triste;-1;retir
1635;retraerse;Triste;-1;retr
1636;retra�do;Triste;-1;retra�d
1637;retraimiento;Triste;-1;retraimient
1638;retraso;Triste;-1;retras
1639;retroceso;Triste;-1;retroces
1640;retr�grado;Triste;-1;retr�gr
1641;reventar;Triste;-1;revent
1642;rev�s;Triste;-1;rev�s
1643;revivir;Triste;-1;reviv
1644;revoluci�n;Feliz;1;revoluci�n
1645;rezagado;Triste;-1;rezag
1646;rico;Feliz;1;ric
1647;rictus;Feliz;1;rictus
1648;ridiculez;Triste;-1;ridiculez
1649;ridiculizar;Triste;-1;ridiculiz
1650;rid�culo;Triste;-1;rid�cul
1651;riente;Feliz;1;rient
1652;r�gido;Triste;-1;r�gid
1653;ri�a;Triste;-1;ri�
1654;riqueza;Feliz;1;riquez
1655;risa;Feliz;1;ris
1656;risita;Feliz;1;risit
1657;risotada;Feliz;1;risot
1658;risue�o;Feliz;1;risue�
1659;rival;Triste;-1;rival
1660;rivalizar;Triste;-1;rivaliz
1661;robar;Triste;-1;rob
1662;robustecimiento;Feliz;1;robustec
1663;robusto;Feliz;1;robust
1664;roce;Triste;-1;roc
1665;romper;Triste;-1;romp
1666;ro�oso;Triste;-1;ro�os
1667;rozar;Triste;-1;roz
1668;rudeza;Triste;-1;rudez
1669;rudimentario;Triste;-1;rudimentari
1670;rudo;Triste;-1;rud
1671;ruin;Triste;-1;ruin
1672;ruindad;Triste;-1;ruind
1673;ruinoso;Triste;-1;ruinos
1674;rusticidad;Triste;-1;rustic
1675;r�stico;Triste;-1;r�stic
1676;sabidur�a;Feliz;1;sabidur�
1677;sabio;Feliz;1;sabi
1678;saborear;Feliz;1;sabor
1679;saboreo;Feliz;1;sabore
1680;sabroso;Feliz;1;sabros
1681;saciarse;Feliz;1;saci
1682;sacrificado;Triste;-1;sacrific
1683;sacrificio;Triste;-1;sacrifici
1684;saleroso;Feliz;1;saler
1685;salud;Feliz;1;salud
1686;salvaje;Triste;-1;salvaj
1687;salvamento;Feliz;1;salvament
1688;sanarse;Feliz;1;san
1689;sa�a;Triste;-1;sa�
1690;sa�udo;Triste;-1;sa�ud
1691;saponificaci�n;Triste;-1;saponificaci�n
1692;saquear;Triste;-1;saqu
1693;sarc�fago;Triste;-1;sarc�fag
1694;satisfacci�n;Feliz;1;satisfacci�n
1695;satisfacer;Feliz;1;satisfac
1696;satisfactorio;Feliz;1;satisfactori
1697;satisfecho;Feliz;1;satisfech
1698;saturado;Triste;-1;satur
1699;seco;Triste;-1;sec
1700;sed;Triste;-1;sed
1701;sediento;Triste;-1;sedient
1702;seducir;Feliz;1;seduc
1703;segregaci�n;Triste;-1;segregaci�n
1704;segregar;Triste;-1;segreg
1705;seguridad;Feliz;1;segur
1706;semidifunto;Triste;-1;semidifunt
1707;senil;Triste;-1;senil
1708;sensibilidad;Triste;-1;sensibil
1709;sensibilizar;Triste;-1;sensibiliz
1710;sensible;Triste;-1;sensibl
1711;sensibler�a;Triste;-1;sensibler�
1712;sensiblero;Triste;-1;sensibler
1713;sensual;Feliz;1;sensual
1714;sentimental;Triste;-1;sentimental
1715;sentimiento;Triste;-1;sentimient
1716;sentir;Triste;-1;sent
1717;se�alado;Feliz;1;se�al
1718;separaci�n;Triste;-1;separaci�n
1719;separado;Triste;-1;separ
1720;sepelio;Triste;-1;sepeli
1721;sepulcral;Triste;-1;sepulcral
1722;sepulcro;Triste;-1;sepulcr
1723;sepultura;Triste;-1;sepultur
1724;sequedad;Triste;-1;sequed
1725;sequ�a;Triste;-1;sequ�
1726;seriedad;Triste;-1;seried
1727;serio;Triste;-1;seri
1728;servil;Triste;-1;servil
1729;servir;Triste;-1;serv
1730;severidad;Triste;-1;sever
1731;sexo;Feliz;1;sex
1732;sexual;Feliz;1;sexual
1733;shock;Triste;-1;shock
1734;sibarita;Feliz;1;sibarit
1735;silenciar;Triste;-1;silenci
1736;simp�tico;Feliz;1;simp�tic
1737;sincero;Feliz;1;sincer
1738;s�ncope;Triste;-1;s�ncop
1739;siniestrar;Triste;-1;siniestr
1740;sinsabor;Triste;-1;sinsabor
1741;sitiar;Triste;-1;siti
1742;sobrecogedor;Triste;-1;sobrecogedor
1743;Sobrecoger;Triste;-1;sobrecog
1744;sobreexcitar;Feliz;1;sobreexcit
1745;sobresaliente;Feliz;1;sobresalient
1746;sobresalir;Feliz;1;sobresal
1747;sobresaltado;Triste;-1;sobresalt
1748;solaz;Feliz;1;solaz
1749;soledad;Triste;-1;soled
1750;solicitar;Triste;-1;solicit
1751;solitario;Triste;-1;solitari
1752;sollozante;Triste;-1;solloz
1753;solvencia;Feliz;1;solvenci
1754;sombra;Triste;-1;sombr
1755;sombr�o;Triste;-1;sombr�
1756;sombr�n;Triste;-1;sombr�n
1757;sonre�r;Feliz;1;sonre�r
1758;sonriente;Feliz;1;sonrient
1759;sonrisa;Feliz;1;sonris
1760;soportar;Triste;-1;soport
1761;s�rdido;Triste;-1;s�rdid
1762;soso;Triste;-1;sos
1763;stress;Triste;-1;stress
1764;subdesarrollado;Triste;-1;subdesarroll
1765;subida;Feliz;1;sub
1766;sublime;Feliz;1;sublim
1767;suceso;Triste;-1;suces
1768;sucio;Triste;-1;suci
1769;sucumbir;Triste;-1;sucumb
1770;sudario;Triste;-1;sudari
1771;suerte;Feliz;1;suert
1772;sufrido;Triste;-1;sufr
1773;sufrimiento;Triste;-1;sufrimient
1774;sugesti�n;Triste;-1;sugesti�n
1775;sugestionado;Triste;-1;sugestion
1776;sugestivo;Triste;-1;sugest
1777;suicida;Triste;-1;suic
1778;suicidarse;Triste;-1;suicid
1779;suicidio;Triste;-1;suicidi
1780;sumisi�n;Triste;-1;sumisi�n
1781;sumiso;Triste;-1;sumis
1782;superaci�n;Feliz;1;superaci�n
1783;superar;Feliz;1;super
1784;superior;Feliz;1;superior
1785;s�plica;Triste;-1;s�plic
1786;suplicante;Triste;-1;suplic
1787;supresi�n;Triste;-1;supresi�n
1788;suprimir;Triste;-1;suprim
1789;susceptible;Triste;-1;suscept
1790;suspense;Triste;-1;suspens
1791;suspicaz;Triste;-1;suspicaz
1792;suspirante;Triste;-1;suspir
1793;taciturnidad;Triste;-1;taciturn
1794;tanatolog�a;Triste;-1;tanatolog�
1795;tanatol�gico;Triste;-1;tanatol�g
1796;tapiar;Triste;-1;tapi
1797;t�rtaro;Triste;-1;t�rtar
1798;tascar;Triste;-1;tasc
1799;taxidermia;Triste;-1;taxidermi
1800;temblar;Triste;-1;tembl
1801;temblor;Triste;-1;temblor
1802;temer;Triste;-1;tem
1803;temeroso;Triste;-1;temer
1804;temible;Triste;-1;temibl
1805;temor;Triste;-1;temor
1806;tenebroso;Triste;-1;tenebr
1807;tensi�n;Triste;-1;tensi�n
1808;terremoto;Triste;-1;terremot
1809;terrible;Triste;-1;terribl
1810;terror�fico;Triste;-1;terror�f
1811;testamento;Triste;-1;testament
1812;t�trico;Triste;-1;t�tric
1813;timidez;Triste;-1;timidez
1814;t�mido;Triste;-1;t�mid
1815;tinieblas;Triste;-1;tiniebl
1816;tirantez;Triste;-1;tirantez
1817;tirria;Triste;-1;tirri
1818;tomado;Triste;-1;tom
1819;tormenta;Triste;-1;torment
1820;torpe;Triste;-1;torp
1821;tortura;Triste;-1;tortur
1822;torvo;Triste;-1;torv
1823;tosco;Triste;-1;tosc
1824;tosquedad;Triste;-1;tosqued
1825;tragaderas;Triste;-1;tragader
1826;tragar;Triste;-1;trag
1827;tragedia;Triste;-1;tragedi
1828;tr�gico;Triste;-1;tr�gic
1829;tragic�mico;Triste;-1;tragic�m
1830;traidor;Triste;-1;traidor
1831;trance;Triste;-1;tranc
1832;tranquilidad;Feliz;1;tranquil
1833;tranquilizar;Feliz;1;tranquiliz
1834;transformar;Feliz;1;transform
1835;transido;Triste;-1;trans
1836;transigencia;Triste;-1;transigent
1837;transigir;Triste;-1;transig
1838;tr�nsito;Triste;-1;tr�nsit
1839;trascendental;Feliz;1;trascendental
1840;trastornado;Triste;-1;trastorn
1841;trauma;Triste;-1;traum
1842;traumatizar;Triste;-1;traumatiz
1843;tremendo;Triste;-1;tremend
1844;tribulaci�n;Triste;-1;tribulaci�n
1845;triste;Triste;-1;trist
1846;tristeza;Triste;-1;tristez
1847;triunfador;Feliz;1;triunfador
1848;triunfante;Feliz;1;triunfant
1849;triunfar;Feliz;1;triunf
1850;tromba;Triste;-1;tromb
1851;trombosis;Triste;-1;trombosis
1852;tronado;Triste;-1;tron
1853;tropezar;Triste;-1;tropez
1854;tropiezo;Triste;-1;tropiez
1855;tuerto;Triste;-1;tuert
1856;tullido;Triste;-1;tull
1857;tumba;Triste;-1;tumb
1858;tumulto;Triste;-1;tumult
1859;turbaci�n;Triste;-1;turbaci�n
1860;turbado;Triste;-1;turb
1861;turbador;Triste;-1;turbador
1862;turbiedad;Triste;-1;turbied
1863;turbio;Triste;-1;turbi
1864;turbulencia;Triste;-1;turbulent
1865;ufanar;Feliz;1;ufan
1866;ufan�a;Feliz;1;ufan�
1867;ultratumba;Triste;-1;ultratumb
1868;ululante;Triste;-1;ulul
1869;ululato;Triste;-1;ululat
1870;urna;Triste;-1;urna
1871;�til;Feliz;1;�til
1872;utilidad;Feliz;1;util
1873;uxoricida;Triste;-1;uxoric
1874;uxoricidio;Triste;-1;uxoricidi
1875;vaciar;Triste;-1;vaci
1876;vac�o;Triste;-1;vac�
1877;vagabundo;Triste;-1;vagabund
1878;vagancia;Triste;-1;vaganci
1879;vagar;Triste;-1;vag
1880;vaguedad;Triste;-1;vagued
1881;valer;Feliz;1;val
1882;valioso;Feliz;1;valios
1883;valor;Feliz;1;valor
1884;valorizar;Feliz;1;valoriz
1885;vampirismo;Triste;-1;vampir
1886;vanagloria;Feliz;1;vanaglori
1887;vanguardia;Feliz;1;vanguardi
1888;vehemencia;Triste;-1;vehement
1889;vejez;Triste;-1;vejez
1890;Velado;Triste;-1;vel
1891;velatorio;Triste;-1;velatori
1892;velorio;Triste;-1;velori
1893;vencer;Feliz;1;venc
1894;venenoso;Triste;-1;venen
1895;ventaja;Feliz;1;ventaj
1896;ventura;Feliz;1;ventur
1897;verdugo;Triste;-1;verdug
1898;vergonzante;Triste;-1;vergonz
1899;verter;Triste;-1;vert
1900;vestimenta;Triste;-1;vestiment
1901;vicio;Feliz;1;vici
1902;vicioso;Feliz;1;vicios
1903;v�ctima;Triste;-1;v�ctim
1904;victoria;Feliz;1;victori
1905;vidorra;Feliz;1;vidorr
1906;vidrioso;Triste;-1;vidrios
1907;viejo;Triste;-1;viej
1908;vigilia;Triste;-1;vigili
1909;vil;Triste;-1;vil
1910;vileza;Triste;-1;vilez
1911;violencia;Triste;-1;violenci
1912;violenta;Triste;-1;violent
1913;vital;Feliz;1;vital
1914;vitorear;Feliz;1;vitor
1915;Viva;Feliz;1;viv
1916;vivaz;Feliz;1;vivaz
1917;vividor;Feliz;1;vividor
1918;vocinglero;Triste;-1;vocingler
1919;volcar;Triste;-1;volc
1920;voluptuosidad;Feliz;1;voluptu
1921;vulnerar;Triste;-1;vulner
1922;yermo;Triste;-1;yerm
1923;zambo;Triste;-1;zamb
1924;zollipar;Triste;-1;zollip
1925;zombie;Triste;-1;zombi
1926;zozobra;Triste;-1;zozobr
