Palabra;Sentimiento;Valoracion manual
no;Neutro;0
broma;Feliz;1
bromear;Feliz;1
bromista;Feliz;1
albricias;Feliz;1
aleluya;Feliz;1
bien;Feliz;1
bravo;Feliz;1
espl�ndido;Feliz;1
estupendo;Feliz;1
hurra;Feliz;1
magn�fico;Feliz;1
jam�s;Triste;-1
nada;Triste;-1
ni;Triste;-1
maravilloso;Feliz;1
ol�;Feliz;1
Viva;Feliz;1
abandonado;Triste;-1
abandonar;Triste;-1
abandono;Triste;-1
abatido;Triste;-1
abatimiento;Triste;-1
abatir;Triste;-1
abatirse;Triste;-1
abdicar;Triste;-1
ablandar;Triste;-1
aborrecer;Triste;-1
aborrecerse;Triste;-1
aborrecible;Triste;-1
aborrecimiento;Triste;-1
abortar;Triste;-1
abrumado;Triste;-1
abrumador;Triste;-1
abrumar;Triste;-1
aburrido;Triste;-1
aburrimiento;Triste;-1
aburrir;Triste;-1
acatamiento;Triste;-1
acatar;Triste;-1
acaudalado;Feliz;1
acceder;Feliz;1
accidentado;Triste;-1
accidentar;Triste;-1
accidente;Triste;-1
achantarse;Triste;-1
achispado;Feliz;1
aciago;Triste;-1
ac�o;Triste;-1
aclamar;Feliz;1
aclarar;Feliz;1
acobardado;Triste;-1
acobardarse;Triste;-1
acogotar;Triste;-1
acomodado;Feliz;1
acomodar;Feliz;1
acomodarse;Feliz;1
acomplejado;Triste;-1
acomplejamiento;Triste;-1
acomplejarse;Triste;-1
acongojado;Triste;-1
acongojante;Triste;-1
acongojar;Triste;-1
acrecentado;Feliz;1
acrecentamiento;Feliz;1
acrecentar;Feliz;1
acritud;Triste;-1
activo;Feliz;1
adecuado;Feliz;1
adefesio;Triste;-1
adelantadamente;Feliz;1
adelantado;Feliz;1
adelantar;Feliz;1
adelanto;Feliz;1
adeudar;Triste;-1
adinerado;Feliz;1
admirar;Feliz;1
admitir;Triste;-1
adustez;Triste;-1
adusto;Triste;-1
adversidad;Triste;-1
adverso;Triste;-1
afeado;Triste;-1
afeamiento;Triste;-1
afear;Triste;-1
aflicci�n;Triste;-1
aflictivo;Triste;-1
afligido;Triste;-1
afligir;Triste;-1
afligirse;Triste;-1
aflijirse;Triste;-1
Afortunada;Feliz;1
afortunadamente;Feliz;1
afortunado;Feliz;1
agitaci�n;Feliz;1
agitado;Feliz;1
agitar;Feliz;1
agobiado;Triste;-1
agobiante;Triste;-1
agobiarse;Triste;-1
agobio;Triste;-1
agon�a;Triste;-1
ag�nico;Triste;-1
agonizante;Triste;-1
agonizar;Triste;-1
agorero;Triste;-1
agotar;Triste;-1
agotarse;Triste;-1
agraciado;Feliz;1
agradable;Feliz;1
agradar;Feliz;1
agrado;Feliz;1
agrandamiento;Feliz;1
agravamiento;Triste;-1
agravarse;Triste;-1
agreste;Triste;-1
agriado;Triste;-1
agrio;Triste;-1
aguafiestas;Triste;-1
aguantador;Triste;-1
aguantar;Triste;-1
aguante;Triste;-1
ag�ero;Triste;-1
ahogamiento;Triste;-1
ahogar;Triste;-1
ahogo;Triste;-1
ahorcamiento;Triste;-1
ahorcar;Triste;-1
airado;Triste;-1
aislado;Triste;-1
aislador;Triste;-1
aislamiento;Triste;-1
aislante;Triste;-1
aislar;Triste;-1
aislarse;Triste;-1
ajado;Triste;-1
ajamiento;Triste;-1
ajar;Triste;-1
ajusticiado;Triste;-1
ajusticiador;Triste;-1
ajusticiar;Triste;-1
alarma;Triste;-1
alarmado;Triste;-1
alarmante;Triste;-1
alarmar;Triste;-1
alarmista;Triste;-1
alborotar;Feliz;1
alboroto;Feliz;1
alborozadamente;Feliz;1
alborozado;Feliz;1
alborozar;Feliz;1
alborozarse;Feliz;1
alborozo;Feliz;1
alegrar;Feliz;1
alegrarse;Feliz;1
alegre;Feliz;1
alegremente;Feliz;1
alegr�a;Feliz;1
alejado;Triste;-1
alejamiento;Triste;-1
alejar;Triste;-1
alejarse;Triste;-1
algarab�a;Feliz;1
algazara;Feliz;1
alica�do;Triste;-1
aliviarse;Feliz;1
almacabra;Triste;-1
alteraci�n;Triste;-1
alterado;Triste;-1
alterar;Triste;-1
altercado;Triste;-1
altercar;Triste;-1
alucinaci�n;Feliz;1
alucinante;Feliz;1
alumbrado;Feliz;1
amar;Feliz;1
amargado;Triste;-1
amargar;Triste;-1
amargo;Triste;-1
amargura;Triste;-1
amenazador;Triste;-1
amenazante;Triste;-1
amenazar;Triste;-1
ametrallamiento;Triste;-1
amilanarse;Triste;-1
amohinado;Triste;-1
amohinar;Triste;-1
amohinarse;Triste;-1
amoldamiento;Triste;-1
amoldarse;Triste;-1
amor;Feliz;1
amoroso;Feliz;1
amortajamiento;Triste;-1
amortajar;Triste;-1
ampliaci�n;Feliz;1
ampliado;Feliz;1
ampliar;Feliz;1
anciano;Triste;-1
angustia;Triste;-1
angustiado;Triste;-1
angustiar;Triste;-1
angustioso;Triste;-1
animaci�n;Feliz;1
animadamente;Feliz;1
animado;Feliz;1
animadversi�n;Triste;-1
animar;Feliz;1
animarse;Feliz;1
�nimo;Feliz;1
animosidad;Feliz;1
aniquilaci�n;Triste;-1
aniquilador;Triste;-1
aniquilar;Triste;-1
anonadar;Triste;-1
ansia;Triste;-1
ansiedad;Triste;-1
ansioso;Triste;-1
antag�nico;Triste;-1
antagonismo;Triste;-1
anticuado;Triste;-1
antiest�tico;Triste;-1
antig�edad;Triste;-1
antiguo;Triste;-1
antipat�a;Triste;-1
antip�tico;Triste;-1
antipatizar;Triste;-1
anuencia;Triste;-1
anular;Triste;-1
a�orante;Triste;-1
a�oranza;Triste;-1
a�orar;Triste;-1
apagado;Triste;-1
apagar;Triste;-1
apartado;Triste;-1
apartamiento;Triste;-1
apartar;Triste;-1
apartarse;Triste;-1
apasionado;Feliz;1
apasionamiento;Feliz;1
apasionante;Feliz;1
apasionar;Feliz;1
apasionarse;Feliz;1
apat�a;Triste;-1
ap�tico;Triste;-1
apenado;Triste;-1
apenar;Triste;-1
apenarse;Triste;-1
apesadumbrado;Triste;-1
apesadumbrar;Triste;-1
apesadumbrarse;Triste;-1
apesarar;Triste;-1
apiadar;Triste;-1
apiadarse;Triste;-1
aplanador;Triste;-1
aplanamiento;Triste;-1
aplanarse;Triste;-1
aplaudir;Feliz;1
apocado;Triste;-1
apocalipsis;Triste;-1
apocal�ptico;Triste;-1
apocamiento;Triste;-1
apocarse;Triste;-1
apogeo;Feliz;1
apoplej�a;Triste;-1
apretado;Triste;-1
apretar;Triste;-1
aprieto;Triste;-1
aprobaci�n;Feliz;1
aprobar;Feliz;1
apropiado;Feliz;1
aprovechable;Feliz;1
apurado;Triste;-1
apuro;Triste;-1
aquejar;Triste;-1
aquelarre;Triste;-1
arcaico;Triste;-1
arca�smo;Triste;-1
arder;Triste;-1
aridez;Triste;-1
�rido;Triste;-1
arisco;Triste;-1
arp�a;Triste;-1
arraigo;Feliz;1
arrasado;Triste;-1
arrasar;Triste;-1
arrebatado;Triste;-1
arrebatador;Triste;-1
arrebatar;Triste;-1
arrebato;Triste;-1
arredrarse;Triste;-1
arrepentido;Triste;-1
arrepentimiento;Triste;-1
arrepentirse;Triste;-1
arrinconamiento;Triste;-1
arrinconar;Triste;-1
arrobador;Feliz;1
arrobar;Feliz;1
arrobo;Feliz;1
arruinado;Triste;-1
arruinar;Triste;-1
arruinarse;Triste;-1
arrumado;Triste;-1
asbesto;Triste;-1
ascender;Feliz;1
ascenso;Feliz;1
asco;Triste;-1
asediar;Triste;-1
asedio;Triste;-1
asegurar;Feliz;1
asegurarse;Feliz;1
asesinar;Triste;-1
asesinato;Triste;-1
asesino;Triste;-1
asfixia;Triste;-1
asilado;Triste;-1
asilarse;Triste;-1
asimetr�a;Triste;-1
asim�trico;Triste;-1
asolador;Triste;-1
asolar;Triste;-1
asombrar;Feliz;1
asombro;Feliz;1
aspereza;Triste;-1
�spero;Triste;-1
asqueado;Triste;-1
asquear;Triste;-1
ataque;Triste;-1
ata�d;Triste;-1
atemorizante;Triste;-1
atemorizar;Triste;-1
atemorizarse;Triste;-1
atenuar;Triste;-1
aterrador;Triste;-1
aterrar;Triste;-1
atezado;Triste;-1
atezar;Triste;-1
atiborrarse;Feliz;1
atormentado;Triste;-1
atormentar;Triste;-1
atormentarse;Triste;-1
atrabiliario;Triste;-1
atracci�n;Feliz;1
atractivo;Feliz;1
atrasado;Triste;-1
atrasar;Triste;-1
atraso;Triste;-1
atravesado;Triste;-1
atribulado;Triste;-1
atribular;Triste;-1
atribularse;Triste;-1
Atropo;Triste;-1
atroz;Triste;-1
aturdido;Triste;-1
auge;Feliz;1
aullador;Triste;-1
aullar;Triste;-1
aullido;Triste;-1
aumentado;Feliz;1
aumentar;Feliz;1
aumento;Feliz;1
ausencia;Triste;-1
ausente;Triste;-1
autopsia;Triste;-1
autopsias;Triste;-1
auxilio;Triste;-1
avance;Feliz;1
avanzado;Feliz;1
avanzar;Feliz;1
avaro;Triste;-1
avenencia;Triste;-1
avenirse;Triste;-1
aventajado;Feliz;1
aventajar;Feliz;1
avergonzar;Triste;-1
aver�a;Triste;-1
averiado;Triste;-1
Averno;Triste;-1
aversi�n;Triste;-1
avieso;Triste;-1
avinagrado;Triste;-1
ay;Triste;-1
ayuno;Triste;-1
ayuntarse;Feliz;1
azaroso;Triste;-1
azogado;Triste;-1
azotar;Triste;-1
azote;Triste;-1
bacanal;Feliz;1
baja;Triste;-1
bajo;Triste;-1
baldado;Triste;-1
baldadura;Triste;-1
baldar;Triste;-1
bancarrota;Triste;-1
bara�nda;Feliz;1
barbillera;Triste;-1
beatitud;Feliz;1
bebido;Feliz;1
bej�n;Triste;-1
bendecido;Feliz;1
bendici�n;Feliz;1
bendito;Feliz;1
beneficio;Feliz;1
beneficioso;Feliz;1
berreador;Triste;-1
berrido;Triste;-1
berrinche;Triste;-1
bienaventurado;Feliz;1
bienaventuranza;Feliz;1
bienestar;Feliz;1
bienhadado;Feliz;1
birria;Triste;-1
bizco;Triste;-1
bizquera;Triste;-1
blando;Triste;-1
blandura;Triste;-1
bloquear;Triste;-1
bloqueo;Triste;-1
bochornoso;Triste;-1
boicot;Triste;-1
boicotear;Triste;-1
bonach�n;Feliz;1
bonancible;Feliz;1
bonanza;Feliz;1
bondad;Feliz;1
bondadoso;Feliz;1
boom;Feliz;1
boquear;Triste;-1
borrachera;Feliz;1
borrar;Triste;-1
borrego;Triste;-1
borroso;Triste;-1
botarate;Triste;-1
boyante;Feliz;1
brav�o;Feliz;1
bronco;Triste;-1
brotar;Feliz;1
bruja;Triste;-1
brusco;Triste;-1
brusquedad;Triste;-1
brutalidad;Triste;-1
bruto;Triste;-1
bueno;Feliz;1
buf�n;Triste;-1
bulla;Feliz;1
bullanguero;Feliz;1
bullicio;Feliz;1
burgu�s;Feliz;1
burgues�a;Feliz;1
burla;Triste;-1
burlar;Triste;-1
burl�n;Triste;-1
cabal;Feliz;1
cabizbajo;Triste;-1
cadaver;Triste;-1
cad�veres;Triste;-1
cadav�rica;Triste;-1
cadav�rico;Triste;-1
caer;Triste;-1
ca�da;Triste;-1
caja;Triste;-1
caj�n;Triste;-1
calamidad;Triste;-1
calamitoso;Triste;-1
calidad;Feliz;1
c�lido;Feliz;1
caliginoso;Triste;-1
calina;Triste;-1
callado;Triste;-1
callar;Triste;-1
callarse;Triste;-1
calvicie;Triste;-1
calvo;Triste;-1
calzonazos;Triste;-1
cambiar;Feliz;1
campante;Feliz;1
camposanto;Triste;-1
cansado;Triste;-1
cansancio;Triste;-1
cansar;Triste;-1
caos;Triste;-1
capilla;Triste;-1
caprichoso;Triste;-1
carcajada;Feliz;1
carcajeante;Feliz;1
carcajear;Feliz;1
carcajeo;Feliz;1
carecer;Triste;-1
carencia;Triste;-1
carente;Triste;-1
cariacontecido;Triste;-1
caricatura;Triste;-1
caricaturesco;Triste;-1
caricaturizar;Triste;-1
caridad;Triste;-1
cari�oso;Feliz;1
carnavalesco;Feliz;1
carnicer�a;Triste;-1
Caronte;Triste;-1
castigo;Triste;-1
catacl�smico;Triste;-1
cataclismo;Triste;-1
catacumba;Triste;-1
catalepsia;Triste;-1
cat�strofe;Triste;-1
catastr�fico;Triste;-1
cavernoso;Triste;-1
cebarse;Triste;-1
ceder;Triste;-1
ceguera;Triste;-1
cejijunto;Triste;-1
celebrar;Feliz;1
cementerio;Triste;-1
cenizas;Triste;-1
cenizo;Triste;-1
ce�o;Triste;-1
ce�udo;Triste;-1
Cerbero;Triste;-1
cercar;Triste;-1
cerco;Triste;-1
cerrar;Triste;-1
cerril;Triste;-1
cerrilidad;Triste;-1
cesante;Triste;-1
cesar;Triste;-1
cese;Triste;-1
chancero;Feliz;1
chillar;Triste;-1
chillido;Triste;-1
chill�n;Triste;-1
chiquilicuatro;Triste;-1
chiste;Feliz;1
chistoso;Feliz;1
chocar;Triste;-1
choque;Triste;-1
chorrear;Triste;-1
cicl�n;Triste;-1
ciego;Triste;-1
cielo;Feliz;1
cierre;Triste;-1
clamar;Feliz;1
clamor;Feliz;1
claudicaci�n;Triste;-1
claudicante;Triste;-1
claudicar;Triste;-1
clausura;Triste;-1
clausurar;Triste;-1
Cloto;Triste;-1
coaccionar;Triste;-1
cobarde;Triste;-1
cobard�a;Triste;-1
coco;Triste;-1
coito;Feliz;1
cojera;Triste;-1
cojo;Triste;-1
colisionar;Triste;-1
columbario;Triste;-1
comez�n;Triste;-1
comicidad;Feliz;1
c�mico;Feliz;1
comodidad;Feliz;1
c�modo;Feliz;1
compadecer;Triste;-1
compasi�n;Triste;-1
compasivo;Triste;-1
compensaci�n;Feliz;1
compensar;Feliz;1
complacencia;Feliz;1
complacer;Feliz;1
complacerse;Feliz;1
complacido;Feliz;1
complaciente;Feliz;1
completar;Feliz;1
completo;Feliz;1
compungido;Triste;-1
compungir;Triste;-1
conceder;Feliz;1
concupiscencia;Feliz;1
concupiscente;Feliz;1
condenaci�n;Triste;-1
condescendencia;Triste;-1
condescender;Triste;-1
condolencia;Triste;-1
condolerse;Triste;-1
confiado;Feliz;1
confianza;Feliz;1
confiar;Feliz;1
confinamiento;Triste;-1
confinar;Triste;-1
confite;Feliz;1
conflictivo;Triste;-1
conflicto;Triste;-1
confort;Feliz;1
confortable;Feliz;1
confundir;Triste;-1
confusi�n;Triste;-1
confuso;Triste;-1
congelaci�n;Triste;-1
congelar;Triste;-1
congoja;Triste;-1
conmoci�n;Triste;-1
conmocionado;Triste;-1
conmocionar;Triste;-1
conmovedor;Triste;-1
conmover;Triste;-1
conmovido;Triste;-1
conquistador;Feliz;1
consentidor;Feliz;1
consentimiento;Feliz;1
consentir;Feliz;1
conspicuo;Feliz;1
consternaci�n;Triste;-1
consternado;Triste;-1
consternador;Triste;-1
consternar;Triste;-1
consternarse;Triste;-1
consumado;Triste;-1
consumirse;Triste;-1
consunci�n;Triste;-1
contentamiento;Feliz;1
contentar;Feliz;1
contentarse;Feliz;1
contento;Feliz;1
contrariado;Triste;-1
contrariar;Triste;-1
contrariedad;Triste;-1
contratiempo;Triste;-1
convencer;Feliz;1
conveniente;Feliz;1
convulsi�n;Triste;-1
convulsionarse;Triste;-1
convulso;Triste;-1
c�pula;Feliz;1
copular;Feliz;1
corito;Triste;-1
corregir;Feliz;1
cortejo;Triste;-1
corto;Triste;-1
crecer;Feliz;1
crecido;Feliz;1
crecimiento;Feliz;1
cremaci�n;Triste;-1
cremar;Triste;-1
creso;Feliz;1
crimen;Triste;-1
criminal;Triste;-1
cripta;Triste;-1
crisis;Triste;-1
crucifixi�n;Triste;-1
cruel;Triste;-1
crueldad;Triste;-1
cuarentena;Triste;-1
cubrir;Feliz;1
cuchilladas;Triste;-1
cuita;Triste;-1
cuitado;Triste;-1
culminante;Feliz;1
culminar;Feliz;1
damnificado;Triste;-1
damnificar;Triste;-1
da�ado;Triste;-1
da�ar;Triste;-1
da�arse;Triste;-1
da�o;Triste;-1
da�oso;Triste;-1
dealdad;Triste;-1
debacle;Triste;-1
d�bil;Triste;-1
debilidad;Triste;-1
debilitamiento;Triste;-1
debilitante;Triste;-1
debilitar;Triste;-1
debilitarse;Triste;-1
decadencia;Triste;-1
decadente;Triste;-1
deca�do;Triste;-1
decaimiento;Triste;-1
decapitaci�n;Triste;-1
decepci�n;Triste;-1
decepcionado;Triste;-1
decepcionante;Triste;-1
decepcionar;Triste;-1
decepcionarse;Triste;-1
deceso;Triste;-1
defecto;Triste;-1
d�ficit;Triste;-1
deficitario;Triste;-1
deformar;Triste;-1
deforme;Triste;-1
deformidad;Triste;-1
defunci�n;Triste;-1
degeneraci�n;Triste;-1
degenerado;Triste;-1
degollamiento;Triste;-1
degollar;Triste;-1
degollina;Triste;-1
degradarse;Triste;-1
deg�ello;Triste;-1
delectaci�n;Feliz;1
deleitar;Feliz;1
deleite;Feliz;1
deleitoso;Feliz;1
delet�reo;Triste;-1
delgado;Triste;-1
delicia;Feliz;1
delicioso;Feliz;1
delicitar;Feliz;1
demonio;Triste;-1
depauperaci�n;Triste;-1
depauperado;Triste;-1
depauperar;Triste;-1
deplorable;Triste;-1
deplorar;Triste;-1
depresi�n;Triste;-1
depresivo;Triste;-1
deprimente;Triste;-1
deprimirse;Triste;-1
derramar;Triste;-1
derrota;Triste;-1
derrotado;Triste;-1
derrotista;Triste;-1
derrumbarse;Triste;-1
desabrido;Triste;-1
desabrigado;Triste;-1
desabrigar;Triste;-1
desabrigo;Triste;-1
desabrimiento;Triste;-1
Desaconsejar;Triste;-1
desacreditado;Triste;-1
desacuerdo;Triste;-1
desafecto;Triste;-1
desafortunado;Triste;-1
desagradable;Triste;-1
desagradar;Triste;-1
desagradarse;Triste;-1
desagrado;Triste;-1
desahogado;Feliz;1
desahogar;Feliz;1
desahogarse;Feliz;1
desahogo;Feliz;1
desahuciado;Triste;-1
desahuciar;Triste;-1
desahucio;Triste;-1
desairado;Triste;-1
desairar;Triste;-1
desaire;Triste;-1
desalentado;Triste;-1
Desalentador;Triste;-1
desalentar;Triste;-1
desalentarse;Triste;-1
desaliento;Triste;-1
desamor;Triste;-1
desamparado;Triste;-1
desamparar;Triste;-1
desamparo;Triste;-1
desangrar;Triste;-1
desangrarse;Triste;-1
desanimado;Triste;-1
desanimar;Triste;-1
Desanimarse;Triste;-1
des�nimo;Triste;-1
desapacible;Triste;-1
desaparici�n;Triste;-1
desarmado;Triste;-1
desarrollado;Feliz;1
desarrollar;Feliz;1
desarrollo;Feliz;1
desasistencia;Triste;-1
desasistido;Triste;-1
desasistir;Triste;-1
desasosegado;Triste;-1
desasosegar;Triste;-1
desasosiego;Triste;-1
desastre;Triste;-1
desastroso;Triste;-1
desatenci�n;Triste;-1
desatender;Triste;-1
desatendido;Triste;-1
desavenencia;Triste;-1
desavenido;Triste;-1
desavenirse;Triste;-1
desaz�n;Triste;-1
desazonado;Triste;-1
desazonar;Triste;-1
descalabrado;Triste;-1
descalabrar;Triste;-1
descalabro;Triste;-1
descamisado;Triste;-1
descanso;Feliz;1
descarrilamiento;Triste;-1
descarrilar;Triste;-1
descollante;Feliz;1
descollar;Feliz;1
descomposici�n;Triste;-1
descompuesto;Triste;-1
desconforme;Triste;-1
desconocido;Triste;-1
desconsolado;Triste;-1
desconsolador;Triste;-1
desconsolar;Triste;-1
desconsuelo;Triste;-1
descontento;Triste;-1
descorazonado;Triste;-1
descorazonador;Triste;-1
descorazonamiento;Triste;-1
descorazonar;Triste;-1
descorazonarse;Triste;-1
descort�s;Triste;-1
descortes�a;Triste;-1
descoyuntarse;Triste;-1
descuajaringarse;Triste;-1
descuartizamiento;Triste;-1
descuidado;Triste;-1
descuidar;Triste;-1
descuido;Triste;-1
desd�n;Triste;-1
desde�ar;Triste;-1
desde�arse;Triste;-1
desde�oso;Triste;-1
desdibujado;Triste;-1
desdibujar;Triste;-1
desdicha;Triste;-1
desdichado;Triste;-1
desencajarse;Triste;-1
desencantado;Triste;-1
desencantar;Triste;-1
desencanto;Triste;-1
desenfrenado;Feliz;1
desenfrenarse;Feliz;1
desenfreno;Feliz;1
desenga�ado;Triste;-1
desenga�ar;Triste;-1
desenga�arse;Triste;-1
desenga�o;Triste;-1
desenvuelto;Feliz;1
des�rtico;Triste;-1
desertizar;Triste;-1
desesperaci�n;Triste;-1
desesperado;Triste;-1
desesperante;Triste;-1
desesperanza;Triste;-1
desesperanzador;Triste;-1
desesperar;Triste;-1
desfallecer;Triste;-1
desfallecimiento;Triste;-1
desfiguraci�n;Triste;-1
desfigurado;Triste;-1
desfigurar;Triste;-1
desgracia;Triste;-1
desgraciado;Triste;-1
desgraciar;Triste;-1
desguarnecer;Triste;-1
desguarnecido;Triste;-1
deshabitado;Triste;-1
deshabitar;Triste;-1
desheredado;Triste;-1
desierto;Triste;-1
desilusi�n;Triste;-1
desilusionado;Triste;-1
desilusionar;Triste;-1
desilusionarse;Triste;-1
desinter�s;Triste;-1
desinteresarse;Triste;-1
deslealtad;Triste;-1
desligarse;Triste;-1
deslomarse;Triste;-1
deslucido;Triste;-1
deslucimiento;Triste;-1
deslucir;Triste;-1
deslustrado;Triste;-1
Deslustrar;Triste;-1
Deslustre;Triste;-1
Desmoralizaci�n;Triste;-1
desmoralizado;Triste;-1
desmoralizador;Triste;-1
desmoralizarse;Triste;-1
desnutrici�n;Triste;-1
desolaci�n;Triste;-1
desolado;Triste;-1
desolador;Triste;-1
desolar;Triste;-1
desolladura;Triste;-1
despachar;Triste;-1
despechado;Triste;-1
despechar;Triste;-1
despecho;Triste;-1
despejar;Feliz;1
despoblado;Triste;-1
despoblar;Triste;-1
despoblarse;Triste;-1
despojar;Triste;-1
despojos;Triste;-1
desposeer;Triste;-1
despreciado;Triste;-1
despreciar;Triste;-1
despreciarse;Triste;-1
despreciativo;Triste;-1
desprecio;Triste;-1
despreocupaci�n;Feliz;1
despreocupado;Feliz;1
despreocuparse;Feliz;1
desproporci�n;Triste;-1
desproporcionado;Triste;-1
desproporcionar;Triste;-1
destacado;Feliz;1
destacar;Feliz;1
destartalado;Triste;-1
desternillarse;Feliz;1
destrozo;Triste;-1
destrucci�n;Triste;-1
destructivo;Triste;-1
destructor;Triste;-1
destruir;Triste;-1
destruirse;Triste;-1
desvalido;Triste;-1
desvalimiento;Triste;-1
desvelado;Triste;-1
desvelar;Triste;-1
desvelo;Triste;-1
desventaja;Triste;-1
desventura;Triste;-1
desventurado;Triste;-1
desvergonzado;Triste;-1
desvincularse;Triste;-1
deteriorado;Triste;-1
deteriorar;Triste;-1
deterioro;Triste;-1
deuda;Triste;-1
deudor;Triste;-1
devastaci�n;Triste;-1
devastador;Triste;-1
devastar;Triste;-1
dicha;Feliz;1
dichoso;Feliz;1
diezmar;Triste;-1
dif�cil;Triste;-1
dificultad;Triste;-1
dificultoso;Triste;-1
difunto;Triste;-1
dignidad;Feliz;1
dimitir;Triste;-1
din�mico;Feliz;1
dinero;Feliz;1
di�arla;Triste;-1
disconformidad;Triste;-1
discordante;Triste;-1
discordia;Triste;-1
discrepancia;Triste;-1
discrepante;Triste;-1
discrepar;Triste;-1
discusi�n;Triste;-1
disecar;Triste;-1
disecci�n;Triste;-1
disensi�n;Triste;-1
disentir;Triste;-1
disfrutar;Feliz;1
disfrute;Feliz;1
disgustado;Triste;-1
Disgustar;Triste;-1
disgustarse;Triste;-1
disgusto;Triste;-1
disparate;Triste;-1
disputa;Triste;-1
disputar;Triste;-1
distanciado;Triste;-1
distanciamiento;Triste;-1
distanciarse;Triste;-1
distinguido;Feliz;1
distorsi�n;Triste;-1
distorsionado;Triste;-1
distorsionar;Triste;-1
disuadir;Triste;-1
diversi�n;Feliz;1
divertido;Feliz;1
divertirse;Feliz;1
doblegamiento;Triste;-1
doblegarse;Triste;-1
doler;Triste;-1
dolerse;Triste;-1
dolido;Triste;-1
doliente;Triste;-1
dolor;Triste;-1
dolorido;Triste;-1
doloroso;Triste;-1
dominante;Feliz;1
dominar;Feliz;1
dominio;Feliz;1
donar;Triste;-1
donju�n;Feliz;1
drama;Triste;-1
dram�tico;Triste;-1
dramatismo;Triste;-1
dramatizar;Triste;-1
duelo;Triste;-1
dulce;Feliz;1
dulzura;Feliz;1
duro;Triste;-1
edema;Triste;-1
ed�n;Feliz;1
efervescencia;Feliz;1
efervescente;Feliz;1
eficacia;Feliz;1
eficaz;Feliz;1
ejecuci�n;Triste;-1
ejecutar;Triste;-1
ejecutor;Triste;-1
purgatorio;Triste;-1
electrocuci�n;Triste;-1
elevaci�n;Feliz;1
elevado;Feliz;1
elevar;Feliz;1
eliminaci�n;Triste;-1
eliminar;Triste;-1
eliminarse;Triste;-1
eludir;Triste;-1
embalsamado;Triste;-1
embalsamar;Triste;-1
embalsamiento;Triste;-1
embelesado;Feliz;1
embelesador;Feliz;1
embelesar;Feliz;1
embeleso;Feliz;1
embolia;Triste;-1
emborrachar;Feliz;1
embriagador;Feliz;1
embriagar;Feliz;1
embriaguez;Feliz;1
embrutecerse;Triste;-1
emotividad;Triste;-1
emotivo;Triste;-1
empalamiento;Triste;-1
empa�ar;Triste;-1
empaquetadura;Triste;-1
emparedar;Triste;-1
empeorar;Triste;-1
emperrado;Triste;-1
emperrarse;Triste;-1
emp�reo;Feliz;1
empobrecer;Triste;-1
empobrecerse;Triste;-1
empobrecido;Triste;-1
empobrecimiento;Triste;-1
empuje;Feliz;1
empuj�n;Feliz;1
enajenaci�n;Triste;-1
enajenar;Triste;-1
enardecedor;Feliz;1
enardecer;Feliz;1
enardecimiento;Feliz;1
encantador;Feliz;1
encantar;Feliz;1
encanto;Feliz;1
encarado;Triste;-1
encarcelar;Triste;-1
encerrado;Triste;-1
encerrar;Triste;-1
encerrarse;Triste;-1
encierro;Triste;-1
encogerse;Triste;-1
encogido;Triste;-1
encumbrarse;Feliz;1
endeudado;Triste;-1
endeudamiento;Triste;-1
endeudar;Triste;-1
endeudarse;Triste;-1
enemigo;Triste;-1
enemistad;Triste;-1
enemistado;Triste;-1
enemistarse;Triste;-1
enervante;Triste;-1
Enfadado;Triste;-1
enfadar;Triste;-1
enfadarse;Triste;-1
Enfado;Triste;-1
enfadoso;Triste;-1
enfermedad;Triste;-1
enfermo;Triste;-1
enfoscar;Triste;-1
enfrentar;Triste;-1
enfrentarse;Triste;-1
enfriamiento;Triste;-1
enfriarse;Triste;-1
enfurru�arse;Triste;-1
engolosinar;Feliz;1
engorro;Triste;-1
engorroso;Triste;-1
engrandecer;Feliz;1
enloquecedor;Triste;-1
enlutado;Triste;-1
enlutar;Triste;-1
enmendar;Feliz;1
enojadizo;Triste;-1
enojado;Triste;-1
enojar;Triste;-1
enojarse;Triste;-1
enojo;Triste;-1
enojoso;Triste;-1
enorgullecer;Feliz;1
enriquecerse;Feliz;1
ensombrecer;Triste;-1
ensuciar;Triste;-1
enternecedor;Feliz;1
enternecer;Feliz;1
enternecido;Feliz;1
enternecimiento;Feliz;1
enterramiento;Triste;-1
enterrar;Triste;-1
entierro;Triste;-1
entretener;Feliz;1
entretenido;Feliz;1
entretenimiento;Feliz;1
entristecedor;Triste;-1
entristecer;Triste;-1
entristecerse;Triste;-1
entristecido;Triste;-1
enturbiar;Triste;-1
entusiasmado;Feliz;1
entusiasmar;Feliz;1
entusiasmo;Feliz;1
envejecer;Triste;-1
envenenamiento;Triste;-1
envidia;Triste;-1
envidiar;Triste;-1
envidioso;Triste;-1
epic�reo;Feliz;1
epidemia;Triste;-1
Erinnias;Triste;-1
ermita�o;Triste;-1
er�tico;Feliz;1
erotismo;Feliz;1
escabechina;Triste;-1
escacharrar;Triste;-1
escalar;Feliz;1
escalofriante;Triste;-1
escalofr�o;Triste;-1
escasez;Triste;-1
escaso;Triste;-1
escatolog�a;Triste;-1
escatol�gico;Triste;-1
esclarecido;Feliz;1
esclavitud;Triste;-1
esclavizarse;Triste;-1
esclavo;Triste;-1
escocer;Triste;-1
escr�pulo;Triste;-1
escurrir;Triste;-1
esfumado;Triste;-1
esfumar;Triste;-1
espantajo;Triste;-1
espantap�jaros;Triste;-1
espantar;Triste;-1
espanto;Triste;-1
espantoso;Triste;-1
esparcimiento;Feliz;1
esparcirse;Feliz;1
espectral;Triste;-1
espeluznante;Triste;-1
esperpento;Triste;-1
espichar;Triste;-1
esplendor;Feliz;1
esquela;Triste;-1
esqueleto;Triste;-1
esquilmado;Triste;-1
esquilmar;Triste;-1
esquivar;Triste;-1
esquivez;Triste;-1
esquivo;Triste;-1
estantigua;Triste;-1
estepario;Triste;-1
est�ril;Triste;-1
esterilidad;Triste;-1
esterilizar;Triste;-1
estertor;Triste;-1
estigio;Triste;-1
estimulaci�n;Feliz;1
estimulado;Feliz;1
estimulante;Feliz;1
estimular;Feliz;1
est�mulo;Feliz;1
estoicismo;Triste;-1
estoico;Triste;-1
estrago;Triste;-1
estrangulaci�n;Triste;-1
estrechez;Triste;-1
estremecedor;Triste;-1
estremecer;Triste;-1
estremecerse;Triste;-1
estremecido;Triste;-1
estremecimiento;Triste;-1
estropeado;Triste;-1
estropear;Triste;-1
estupor;Triste;-1
euforia;Feliz;1
euf�rico;Feliz;1
eutanasia;Triste;-1
evitar;Triste;-1
Evocaci�n;Triste;-1
evocador;Triste;-1
evocar;Triste;-1
evoluci�n;Feliz;1
evolucionado;Feliz;1
evolucionar;Feliz;1
exaltaci�n;Feliz;1
exaltado;Feliz;1
exaltar;Feliz;1
exaltarse;Feliz;1
exang�e;Triste;-1
ex�nime;Triste;-1
exasperante;Triste;-1
exasperar;Triste;-1
excelente;Feliz;1
excelso;Feliz;1
excitaci�n;Feliz;1
excitado;Feliz;1
excitante;Feliz;1
excitar;Feliz;1
excluido;Triste;-1
excluir;Triste;-1
exclusi�n;Triste;-1
excreci�n;Triste;-1
exequias;Triste;-1
exhumaci�n;Triste;-1
exhumar;Triste;-1
exiguo;Triste;-1
�xito;Feliz;1
expandir;Feliz;1
expansi�n;Feliz;1
expectaci�n;Feliz;1
expectante;Feliz;1
expiraci�n;Triste;-1
expirante;Triste;-1
expirar;Triste;-1
explotar;Triste;-1
expoliar;Triste;-1
expulsado;Triste;-1
expulsar;Triste;-1
expulsi�n;Triste;-1
exquisito;Feliz;1
extasiar;Feliz;1
�xtasis;Feliz;1
extenuaci�n;Triste;-1
extenuante;Triste;-1
extenuarse;Triste;-1
exterminador;Triste;-1
exterminar;Triste;-1
exterminio;Triste;-1
extinci�n;Triste;-1
extinguirse;Triste;-1
extinto;Triste;-1
extra�ar;Triste;-1
extraviado;Triste;-1
extraviar;Triste;-1
extrav�o;Triste;-1
extremis;Triste;-1
exuberante;Feliz;1
exultaci�n;Feliz;1
exultante;Feliz;1
exultar;Feliz;1
eyaculaci�n;Feliz;1
eyacular;Feliz;1
f�cil;Feliz;1
facilidad;Feliz;1
fallecer;Triste;-1
fallecido;Triste;-1
fallecimiento;Triste;-1
falta;Triste;-1
faltar;Triste;-1
falto;Triste;-1
fama;Feliz;1
fam�lico;Triste;-1
famoso;Feliz;1
fantasma;Triste;-1
fantasmagor�a;Triste;-1
fantasmag�rico;Triste;-1
fantasmal;Triste;-1
fastidiado;Triste;-1
fastidiar;Triste;-1
fastidiarse;Triste;-1
fastidio;Triste;-1
Fastidioso;Triste;-1
fatal;Triste;-1
fatalidad;Triste;-1
fatalismo;Triste;-1
fatalista;Triste;-1
fat�dico;Triste;-1
fatiga;Triste;-1
fatigado;Triste;-1
fatigar;Triste;-1
fealdad;Triste;-1
felicidad;Feliz;1
Feliz;Feliz;1
fenecer;Triste;-1
fenecimiento;Triste;-1
feo;Triste;-1
f�retro;Triste;-1
f�rtil;Feliz;1
festejar;Feliz;1
festejo;Feliz;1
festivo;Feliz;1
fiambre;Triste;-1
fiereza;Triste;-1
fiero;Triste;-1
fiesta;Feliz;1
fil�n;Feliz;1
filtrarse;Triste;-1
flaco;Triste;-1
flacura;Triste;-1
flagelo;Triste;-1
flaquear;Triste;-1
flaqueza;Triste;-1
fl�bil;Triste;-1
flictenas;Triste;-1
flojo;Triste;-1
florecer;Feliz;1
floreciente;Feliz;1
florecimiento;Feliz;1
fobia;Triste;-1
folletinesco;Triste;-1
fomentar;Feliz;1
fomento;Feliz;1
forense;Triste;-1
formidable;Feliz;1
fornicaci�n;Feliz;1
fornicador;Feliz;1
fornicar;Feliz;1
fortalecerse;Feliz;1
fortalecimiento;Feliz;1
Fortuna;Feliz;1
fosa;Triste;-1
fosco;Triste;-1
fracasado;Triste;-1
fracasar;Triste;-1
fracaso;Triste;-1
frenes�;Feliz;1
fren�tico;Feliz;1
fresco;Feliz;1
frialdad;Triste;-1
fr�o;Triste;-1
fructuoso;Feliz;1
fruici�n;Feliz;1
fruir;Feliz;1
frustraci�n;Triste;-1
frustrado;Triste;-1
frustrar;Triste;-1
frustrarse;Triste;-1
fuerte;Feliz;1
fuerza;Feliz;1
fulminar;Triste;-1
f�nebre;Triste;-1
funeral;Triste;-1
funerales;Triste;-1
funeraria;Triste;-1
funerario;Triste;-1
fun�reo;Triste;-1
funesto;Triste;-1
fusilamiento;Triste;-1
gafe;Triste;-1
gallofero;Triste;-1
ganancia;Feliz;1
ganar;Feliz;1
garrotevil;Triste;-1
gemebundo;Triste;-1
gemido;Triste;-1
gemidor;Triste;-1
Gemir;Triste;-1
genocidio;Triste;-1
gimiente;Triste;-1
gimoteador;Triste;-1
gimotear;Triste;-1
gimoteo;Triste;-1
gloria;Feliz;1
glotoner�a;Feliz;1
goce;Feliz;1
golfo;Feliz;1
golosina;Feliz;1
golpe;Triste;-1
golpes;Triste;-1
gordo;Triste;-1
gordura;Triste;-1
gotear;Triste;-1
gozar;Feliz;1
gozo;Feliz;1
gozosamente;Feliz;1
gozoso;Feliz;1
gracioso;Feliz;1
grande;Feliz;1
grandeza;Feliz;1
grato;Feliz;1
grave;Triste;-1
grav�simo;Triste;-1
gritar;Triste;-1
grito;Triste;-1
grit�n;Triste;-1
groser�a;Triste;-1
grosero;Triste;-1
grotesco;Triste;-1
gru�ido;Triste;-1
gru�idor;Triste;-1
gru�ir;Triste;-1
gru��n;Triste;-1
guada�a;Triste;-1
guerra;Triste;-1
guerrear;Triste;-1
guillotina;Triste;-1
gula;Feliz;1
gusanillo;Triste;-1
gusanos;Triste;-1
gustar;Feliz;1
hacendado;Feliz;1
halagador;Feliz;1
hambre;Triste;-1
hambriento;Triste;-1
harakiri;Triste;-1
hartarse;Triste;-1
harto;Triste;-1
hastiado;Triste;-1
hastiar;Triste;-1
hast�o;Triste;-1
hazmerre�r;Triste;-1
hecatombe;Triste;-1
hechizado;Triste;-1
hechizo;Triste;-1
hedonismo;Feliz;1
hedonista;Feliz;1
herida;Triste;-1
herido;Triste;-1
herir;Triste;-1
herm�tico;Triste;-1
hermetismo;Triste;-1
hermoseamiento;Feliz;1
hermosear;Feliz;1
hilarante;Feliz;1
hilaridad;Feliz;1
hincharse;Feliz;1
hipar;Triste;-1
hiperestesia;Triste;-1
hiperestesiar;Triste;-1
hipo;Triste;-1
hipocondr�a;Triste;-1
hipocondr�aco;Triste;-1
hiriente;Triste;-1
histeria;Triste;-1
hist�rico;Triste;-1
holganza;Feliz;1
holgar;Feliz;1
holgazaner�a;Triste;-1
holocausto;Triste;-1
homicida;Triste;-1
homicidio;Triste;-1
hominicaco;Triste;-1
hondo;Triste;-1
horca;Triste;-1
horrible;Triste;-1
horror;Triste;-1
horroroso;Triste;-1
hosco;Triste;-1
hosquedad;Triste;-1
hostigar;Triste;-1
hostil;Triste;-1
hostilidad;Triste;-1
hostilizar;Triste;-1
hostilizarse;Triste;-1
hu�rfano;Triste;-1
huidizo;Triste;-1
huir;Triste;-1
humildad;Triste;-1
humilde;Triste;-1
humillaci�n;Triste;-1
humillar;Triste;-1
humillarse;Triste;-1
humor�sticamente;Feliz;1
humor�stico;Feliz;1
hundimiento;Triste;-1
hundir;Triste;-1
hundirse;Triste;-1
hurac�n;Triste;-1
hura��a;Triste;-1
hura�o;Triste;-1
ideal;Feliz;1
idealizaci�n;Feliz;1
idealizar;Feliz;1
ignorancia;Triste;-1
ignorante;Triste;-1
ignoto;Triste;-1
ilustre;Feliz;1
impaciencia;Triste;-1
impacientar;Triste;-1
impaciente;Triste;-1
impecable;Feliz;1
impedir;Triste;-1
impenetrabilidad;Triste;-1
imperfecci�n;Triste;-1
imperfecto;Triste;-1
implorante;Triste;-1
implorar;Triste;-1
impopular;Triste;-1
importante;Feliz;1
impotencia;Triste;-1
impotente;Triste;-1
impreciso;Triste;-1
impresionable;Triste;-1
impresionado;Triste;-1
impresionante;Triste;-1
impresionar;Triste;-1
improductividad;Triste;-1
improductivo;Triste;-1
impulsado;Feliz;1
impulsar;Feliz;1
impulso;Feliz;1
inaguantable;Triste;-1
inanici�n;Triste;-1
inanimado;Triste;-1
incendiarse;Triste;-1
incendio;Triste;-1
incentivo;Feliz;1
incertidumbre;Triste;-1
incidente;Triste;-1
inclemente;Triste;-1
incomodado;Triste;-1
incomodar;Triste;-1
incomodidad;Triste;-1
inc�modo;Triste;-1
incompatibilidad;Triste;-1
incompatible;Triste;-1
incompetencia;Triste;-1
incomprensi�n;Triste;-1
incomunicaci�n;Triste;-1
incomunicado;Triste;-1
incomunicar;Triste;-1
incomunicarse;Triste;-1
inconsolable;Triste;-1
incorrecci�n;Triste;-1
incorrecto;Triste;-1
incrementado;Feliz;1
incrementar;Feliz;1
incremento;Feliz;1
inculto;Triste;-1
incultura;Triste;-1
incurable;Triste;-1
indeciso;Triste;-1
indefensi�n;Triste;-1
indefenso;Triste;-1
Indemnizaci�n;Feliz;1
indigencia;Triste;-1
indigente;Triste;-1
indigestarse;Triste;-1
indigesto;Triste;-1
indignaci�n;Triste;-1
indignado;Triste;-1
indignar;Triste;-1
indisposici�n;Triste;-1
indistinto;Triste;-1
ineptitud;Triste;-1
inerme;Triste;-1
inestabilidad;Triste;-1
inestable;Triste;-1
infanticidio;Triste;-1
infarto;Triste;-1
infausto;Triste;-1
infecci�n;Triste;-1
infecundidad;Triste;-1
infecundo;Triste;-1
infelicidad;Triste;-1
infeliz;Triste;-1
inf�rtil;Triste;-1
infertilidad;Triste;-1
infierno;Triste;-1
infortunado;Triste;-1
infortunio;Triste;-1
infrahumano;Triste;-1
ingratitud;Triste;-1
ingrato;Triste;-1
inhumaci�n;Triste;-1
inhumar;Triste;-1
inimitable;Feliz;1
inmolaci�n;Triste;-1
inmolar;Triste;-1
inmolarse;Triste;-1
innovaci�n;Feliz;1
innovador;Feliz;1
innovar;Feliz;1
inopia;Triste;-1
inoportuno;Triste;-1
Inquietante;Triste;-1
inquietar;Triste;-1
Inquietarse;Triste;-1
inquieto;Triste;-1
inquietud;Triste;-1
insatisfecho;Triste;-1
insidioso;Triste;-1
insignificancia;Triste;-1
insignificante;Triste;-1
ins�pido;Triste;-1
insociabilidad;Triste;-1
insociable;Triste;-1
insolvencia;Triste;-1
insolvente;Triste;-1
insomne;Triste;-1
insomnio;Triste;-1
insoportable;Triste;-1
insuficiencia;Triste;-1
insuficiente;Triste;-1
insufrible;Triste;-1
insulso;Triste;-1
insultar;Triste;-1
insuperable;Feliz;1
intachable;Feliz;1
intensificaci�n;Feliz;1
intensificado;Feliz;1
intensificar;Feliz;1
inter�s;Feliz;1
interesado;Feliz;1
interesante;Feliz;1
interesar;Feliz;1
internar;Triste;-1
intimidad;Triste;-1
�ntimo;Triste;-1
intolerancia;Triste;-1
intolerante;Triste;-1
intranquilidad;Triste;-1
Intranquilizador;Triste;-1
intranquilizante;Triste;-1
intranquilizar;Triste;-1
Intranquilizarse;Triste;-1
Intranquilo;Triste;-1
intransigencia;Triste;-1
intransigente;Triste;-1
intratable;Triste;-1
introversi�n;Triste;-1
introvertido;Triste;-1
inundaci�n;Triste;-1
inundarse;Triste;-1
invalidez;Triste;-1
inv�lido;Triste;-1
invocaci�n;Triste;-1
invocador;Triste;-1
invocar;Triste;-1
ira;Triste;-1
iracundo;Triste;-1
irascible;Triste;-1
irregular;Triste;-1
irregularidad;Triste;-1
irresoluto;Triste;-1
irresponsable;Triste;-1
irritaci�n;Triste;-1
irritado;Triste;-1
irritante;Triste;-1
irritar;Triste;-1
jacarandoso;Feliz;1
jadeante;Triste;-1
jaranear;Feliz;1
jaranero;Feliz;1
Jauja;Feliz;1
jocoso;Feliz;1
jocundo;Feliz;1
jolgorio;Feliz;1
joroba;Triste;-1
jorobado;Triste;-1
jovial;Feliz;1
jovialidad;Feliz;1
jovialmente;Feliz;1
j�bilo;Feliz;1
jubilosamente;Feliz;1
jubiloso;Feliz;1
juerga;Feliz;1
juerguista;Feliz;1
juguet�n;Feliz;1
lacer�a;Triste;-1
lacrim�geno;Triste;-1
lacrimoso;Triste;-1
l�grima;Triste;-1
l�grimas;Triste;-1
lagrimear;Triste;-1
lagrimeo;Triste;-1
lamentable;Triste;-1
lamentaci�n;Triste;-1
lamentar;Triste;-1
Lamentarse;Triste;-1
lamento;Triste;-1
languidecer;Triste;-1
languidez;Triste;-1
lapidaci�n;Triste;-1
lascivo;Feliz;1
l�stima;Triste;-1
lastimado;Triste;-1
lastimar;Triste;-1
Lastimero;Triste;-1
lastimoso;Triste;-1
latoso;Triste;-1
l�zaro;Triste;-1
lejan�a;Triste;-1
lejano;Triste;-1
lesi�n;Triste;-1
lesionado;Triste;-1
lesionar;Triste;-1
lesiones;Triste;-1
lesivo;Triste;-1
letal;Triste;-1
libertino;Feliz;1
limitaci�n;Triste;-1
limitado;Triste;-1
limitar;Triste;-1
l�mite;Triste;-1
limosnero;Triste;-1
linchamiento;Triste;-1
liquidaci�n;Triste;-1
liquidar;Triste;-1
lisiado;Triste;-1
lisiadura;Triste;-1
lisiar;Triste;-1
lividez;Triste;-1
l�vido;Triste;-1
llantina;Triste;-1
llanto;Triste;-1
llenarse;Feliz;1
llorar;Triste;-1
llorera;Triste;-1
llorica;Triste;-1
lloriquear;Triste;-1
lloriqueo;Triste;-1
lloro;Triste;-1
llor�n;Triste;-1
lloroso;Triste;-1
lluvioso;Triste;-1
l�brego;Triste;-1
lobreguez;Triste;-1
loco;Triste;-1
locura;Triste;-1
logrado;Feliz;1
logro;Feliz;1
lucrativo;Feliz;1
luctuoso;Triste;-1
l�gubre;Triste;-1
lujo;Feliz;1
lujoso;Feliz;1
lujuria;Feliz;1
lujurioso;Feliz;1
luto;Triste;-1
macabra;Triste;-1
macabro;Triste;-1
magnicidio;Triste;-1
mal;Triste;-1
malagana;Triste;-1
malandanza;Triste;-1
malasombra;Triste;-1
malcarado;Triste;-1
maldad;Triste;-1
maldici�n;Triste;-1
maldito;Triste;-1
mal�fico;Triste;-1
malestar;Triste;-1
malhadado;Triste;-1
malhumorado;Triste;-1
maligno;Triste;-1
malo;Triste;-1
malogrado;Triste;-1
malograr;Triste;-1
malogro;Triste;-1
malvivir;Triste;-1
mamarracho;Triste;-1
manchar;Triste;-1
manco;Triste;-1
mangancia;Triste;-1
mangante;Triste;-1
man�a;Triste;-1
mani�tico;Triste;-1
manifestaci�n;Triste;-1
manquera;Triste;-1
mansedumbre;Triste;-1
manso;Triste;-1
maravillar;Feliz;1
marchitamiento;Triste;-1
marchitar;Triste;-1
marchito;Triste;-1
maremoto;Triste;-1
m�rtir;Triste;-1
martirio;Triste;-1
martirizado;Triste;-1
martirizante;Triste;-1
martirizar;Triste;-1
masacre;Triste;-1
matanza;Triste;-1
matarse;Triste;-1
meditabundo;Triste;-1
meditaci�n;Triste;-1
meditar;Triste;-1
medrar;Feliz;1
mejor;Feliz;1
mejora;Feliz;1
mejorado;Feliz;1
mejoramiento;Feliz;1
mejorar;Feliz;1
mejor�a;Feliz;1
melancol�a;Triste;-1
melanc�lico;Triste;-1
melodram�tico;Triste;-1
mendicante;Triste;-1
mendicidad;Triste;-1
mendigar;Triste;-1
mendigo;Triste;-1
menos;Triste;-1
menospreciarse;Triste;-1
menosprecio;Triste;-1
mequetrefe;Triste;-1
metempsicosis;Triste;-1
mezquindad;Triste;-1
mezquino;Triste;-1
miedo;Triste;-1
miedoso;Triste;-1
millonario;Feliz;1
mimado;Feliz;1
min�sculo;Triste;-1
misantrop�a;Triste;-1
mis�ntropo;Triste;-1
miserable;Triste;-1
miseria;Triste;-1
m�sero;Triste;-1
mis�rrimo;Triste;-1
misoginia;Triste;-1
mis�gino;Triste;-1
modernidad;Feliz;1
modernizar;Feliz;1
moderno;Feliz;1
modificaci�n;Feliz;1
modificar;Feliz;1
moh�no;Triste;-1
mojar;Triste;-1
molestar;Triste;-1
molestarse;Triste;-1
molestia;Triste;-1
molesto;Triste;-1
molicie;Feliz;1
momia;Triste;-1
momificaci�n;Triste;-1
momificado;Triste;-1
momificar;Triste;-1
monicaco;Triste;-1
monigote;Triste;-1
monje;Triste;-1
monstruo;Triste;-1
monstruosidad;Triste;-1
monstruoso;Triste;-1
montaraz;Triste;-1
morgue;Triste;-1
moribundo;Triste;-1
morir;Triste;-1
morosidad;Triste;-1
moroso;Triste;-1
morri�a;Triste;-1
mortaja;Triste;-1
mortal;Triste;-1
mortalidad;Triste;-1
mortandad;Triste;-1
mort�fero;Triste;-1
mortificaci�n;Triste;-1
mortificado;Triste;-1
mortificante;Triste;-1
mortificar;Triste;-1
mortificarse;Triste;-1
mortuorio;Triste;-1
mot�n;Triste;-1
mudo;Triste;-1
muerte;Triste;-1
muerto;Triste;-1
mujeriego;Feliz;1
mundano;Feliz;1
murmurador;Triste;-1
mustio;Triste;-1
mutilaci�n;Triste;-1
mutilado;Triste;-1
mutilar;Triste;-1
naufragar;Triste;-1
naufragio;Triste;-1
neblina;Triste;-1
nebulosidad;Triste;-1
nebuloso;Triste;-1
necesidad;Triste;-1
necesitado;Triste;-1
necesitar;Triste;-1
necrocomio;Triste;-1
necrofagia;Triste;-1
necr�fago;Triste;-1
necrofilia;Triste;-1
necr�filo;Triste;-1
necrol�gico;Triste;-1
necr�polis;Triste;-1
necropsia;Triste;-1
nefasto;Triste;-1
negro;Triste;-1
negrura;Triste;-1
nervios;Triste;-1
nerviosidad;Triste;-1
nerviosismo;Triste;-1
nervioso;Triste;-1
neurastenia;Triste;-1
neurast�nico;Triste;-1
neurosis;Triste;-1
neur�tico;Triste;-1
nicho;Triste;-1
niebla;Triste;-1
nocivo;Triste;-1
nostalgia;Triste;-1
Nost�lgico;Triste;-1
notable;Feliz;1
nublado;Triste;-1
nublar;Triste;-1
nulidad;Triste;-1
�o�o;Triste;-1
obedecer;Triste;-1
obediencia;Triste;-1
obediente;Triste;-1
�bito;Triste;-1
obstaculizar;Triste;-1
obstinaci�n;Triste;-1
obstinado;Triste;-1
obstinarse;Triste;-1
obturaci�n;Triste;-1
obturado;Triste;-1
obturar;Triste;-1
ocaso;Triste;-1
occiso;Triste;-1
ochavo;Triste;-1
ocio;Feliz;1
ocluir;Triste;-1
ocultaci�n;Triste;-1
ocultar;Triste;-1
odiar;Triste;-1
odiarse;Triste;-1
odio;Triste;-1
odioso;Triste;-1
odisea;Triste;-1
ofender;Triste;-1
ojeriza;Triste;-1
olvidado;Triste;-1
olvidar;Triste;-1
olvido;Triste;-1
omnipotente;Feliz;1
opaca;Triste;-1
oponerse;Triste;-1
oportuno;Feliz;1
oposici�n;Triste;-1
optimismo;Feliz;1
optimista;Feliz;1
opuesto;Triste;-1
opulencia;Feliz;1
opulento;Feliz;1
ordinariez;Triste;-1
ordinario;Triste;-1
orfandad;Triste;-1
orgasmo;Feliz;1
org�a;Feliz;1
orgi�stico;Feliz;1
orondo;Feliz;1
osario;Triste;-1
oscurecer;Triste;-1
oscuridad;Triste;-1
oscuro;Triste;-1
padecer;Triste;-1
paladear;Feliz;1
paladeo;Feliz;1
palidecer;Triste;-1
palidez;Triste;-1
palmar;Triste;-1
palmotear;Feliz;1
paneg�rico;Triste;-1
pante�n;Triste;-1
para�so;Feliz;1
parca;Triste;-1
Parcas;Triste;-1
pardo;Triste;-1
paria;Triste;-1
parrandear;Feliz;1
parrandero;Feliz;1
parricida;Triste;-1
parricidio;Triste;-1
pasi�n;Feliz;1
pasional;Feliz;1
pasividad;Triste;-1
pasivo;Triste;-1
pat�tico;Triste;-1
patetismo;Triste;-1
patibulario;Triste;-1
paup�rrimo;Triste;-1
pavoroso;Triste;-1
pedig�e�o;Triste;-1
pedregoso;Triste;-1
pelado;Triste;-1
pelagatos;Triste;-1
pelanas;Triste;-1
pelea;Triste;-1
peleado;Triste;-1
pelear;Triste;-1
peligrar;Triste;-1
peligro;Triste;-1
peligroso;Triste;-1
pelma;Triste;-1
pena;Triste;-1
penalidad;Triste;-1
penar;Triste;-1
pend�n;Feliz;1
penoso;Triste;-1
penuria;Triste;-1
peque�ez;Triste;-1
peque�o;Triste;-1
percance;Triste;-1
perder;Triste;-1
perdici�n;Triste;-1
p�rdida;Triste;-1
perdido;Triste;-1
perdulario;Triste;-1
perecer;Triste;-1
perecimiento;Triste;-1
pereza;Triste;-1
perfeccionado;Feliz;1
perfeccionamiento;Feliz;1
perfeccionar;Feliz;1
perfecto;Feliz;1
perjudicado;Triste;-1
perjudicar;Triste;-1
perjudicial;Triste;-1
perjuicio;Triste;-1
perturbaci�n;Triste;-1
perturbado;Triste;-1
perturbador;Triste;-1
perturbar;Triste;-1
pesadez;Triste;-1
pesadilla;Triste;-1
pesado;Triste;-1
pesadumbre;Triste;-1
p�same;Triste;-1
pesar;Triste;-1
pesaroso;Triste;-1
pesimismo;Triste;-1
pesimista;Triste;-1
peste;Triste;-1
picaresca;Triste;-1
p�caro;Triste;-1
picarse;Triste;-1
piedad;Triste;-1
pillaje;Triste;-1
piller�a;Triste;-1
pillo;Triste;-1
pique;Triste;-1
placentero;Feliz;1
placer;Feliz;1
placidez;Feliz;1
pl�cido;Feliz;1
plaga;Triste;-1
pla�idero;Triste;-1
pla�ido;Triste;-1
pla�ir;Triste;-1
pleites�a;Triste;-1
pobre;Triste;-1
pobrete;Triste;-1
pobreter�a;Triste;-1
pobret�n;Triste;-1
pobreza;Triste;-1
poderoso;Feliz;1
pordiosear;Triste;-1
pordioser�a;Triste;-1
pordiosero;Triste;-1
postraci�n;Triste;-1
postrarse;Triste;-1
postrimer�a;Triste;-1
p�stumo;Triste;-1
potentado;Feliz;1
precipitaci�n;Triste;-1
predestinaci�n;Triste;-1
predestinado;Triste;-1
predestinarse;Triste;-1
predominante;Feliz;1
predominio;Feliz;1
preferencia;Feliz;1
preferente;Feliz;1
preferible;Feliz;1
preocupaci�n;Triste;-1
preocupado;Triste;-1
preocupante;Triste;-1
preocupar;Triste;-1
preocuparse;Triste;-1
prestigioso;Feliz;1
primordial;Feliz;1
principal;Feliz;1
prisi�n;Triste;-1
privaci�n;Triste;-1
privado;Triste;-1
privar;Triste;-1
productivo;Feliz;1
progresar;Feliz;1
progresista;Feliz;1
progreso;Feliz;1
promoci�n;Feliz;1
promocionar;Feliz;1
promover;Feliz;1
propiciar;Feliz;1
propicio;Feliz;1
propio;Feliz;1
prorrumpir;Triste;-1
pr�speramente;Feliz;1
prosperar;Feliz;1
prosperidad;Feliz;1
pr�spero;Feliz;1
protesta;Triste;-1
protestar;Triste;-1
protest�n;Triste;-1
provechoso;Feliz;1
prurito;Triste;-1
psic�pata;Triste;-1
psicosis;Triste;-1
pucheros;Triste;-1
pudiente;Feliz;1
pudridero;Triste;-1
pugna;Triste;-1
pugnar;Triste;-1
pujante;Feliz;1
pujanza;Feliz;1
pu�aladas;Triste;-1
purga;Triste;-1
purgar;Triste;-1
purificaci�n;Feliz;1
purificar;Feliz;1
pusil�nime;Triste;-1
putero;Feliz;1
putrefacci�n;Triste;-1
putrefacto;Triste;-1
quebrado;Triste;-1
quebranto;Triste;-1
quebrar;Triste;-1
queja;Triste;-1
quejarse;Triste;-1
quejica;Triste;-1
Quejido;Triste;-1
quejoso;Triste;-1
quejumbroso;Triste;-1
quiebra;Triste;-1
quisquilloso;Triste;-1
quitar;Triste;-1
rabia;Triste;-1
rabiar;Triste;-1
rabieta;Triste;-1
rabioso;Triste;-1
radiante;Feliz;1
raqu�tico;Triste;-1
raquitismo;Triste;-1
rastras;Triste;-1
rastrero;Triste;-1
rebasar;Feliz;1
rebelde;Triste;-1
recelar;Triste;-1
recelo;Triste;-1
receloso;Triste;-1
recesi�n;Triste;-1
rechazado;Triste;-1
rechazar;Triste;-1
rechazo;Triste;-1
recluir;Triste;-1
recluirse;Triste;-1
reclusi�n;Triste;-1
recogerse;Triste;-1
recogido;Triste;-1
recogimiento;Triste;-1
recoleto;Triste;-1
reconcomer;Triste;-1
reconcomerse;Triste;-1
reconcomido;Triste;-1
reconcomio;Triste;-1
reconstruir;Triste;-1
recordar;Triste;-1
recordatorio;Triste;-1
recuperaci�n;Feliz;1
recuperar;Feliz;1
reducci�n;Triste;-1
reducido;Triste;-1
refinado;Feliz;1
refinamiento;Feliz;1
refocilar;Feliz;1
refocilarse;Feliz;1
reforma;Feliz;1
reformador;Feliz;1
reformar;Feliz;1
regalar;Feliz;1
regalo;Feliz;1
regal�n;Feliz;1
regeneraci�n;Feliz;1
regenerar;Feliz;1
regocijadamente;Feliz;1
regocijado;Feliz;1
regocijar;Feliz;1
regocijarse;Feliz;1
regocijo;Feliz;1
regodearse;Feliz;1
regodeo;Feliz;1
rehabilitaci�n;Feliz;1
rehabilitar;Feliz;1
rehuir;Triste;-1
reidor;Feliz;1
reir;Feliz;1
rejuvenecer;Feliz;1
rejuvenecimiento;Feliz;1
reliquias;Triste;-1
rematar;Triste;-1
remorder;Triste;-1
remordimiento;Triste;-1
remoto;Triste;-1
renacimiento;Feliz;1
rencor;Triste;-1
rencoroso;Triste;-1
rendici�n;Triste;-1
rendirse;Triste;-1
renovaci�n;Feliz;1
renovar;Feliz;1
renuncia;Triste;-1
renunciar;Triste;-1
re�ido;Triste;-1
re�ir;Triste;-1
reparaci�n;Feliz;1
reparar;Feliz;1
repelente;Triste;-1
repeler;Triste;-1
repelerse;Triste;-1
repleto;Feliz;1
repudiado;Triste;-1
repudiar;Triste;-1
repudio;Triste;-1
repugnado;Triste;-1
repugnancia;Triste;-1
repugnante;Triste;-1
repugnar;Triste;-1
repugnarse;Triste;-1
repulsi�n;Triste;-1
repulsivo;Triste;-1
r�quiem;Triste;-1
rescate;Triste;-1
reseco;Triste;-1
resentido;Triste;-1
resentimiento;Triste;-1
resentir;Triste;-1
resentirse;Triste;-1
resignaci�n;Triste;-1
resignado;Triste;-1
resignar;Triste;-1
resignarse;Triste;-1
resistencia;Triste;-1
resistente;Triste;-1
responso;Triste;-1
resquemor;Triste;-1
restablecerse;Feliz;1
retirado;Triste;-1
retirar;Triste;-1
retirarse;Triste;-1
retiro;Triste;-1
retraerse;Triste;-1
retra�do;Triste;-1
retraimiento;Triste;-1
retraso;Triste;-1
retroceso;Triste;-1
retr�grado;Triste;-1
reventar;Triste;-1
rev�s;Triste;-1
revivir;Triste;-1
revoluci�n;Feliz;1
rezagado;Triste;-1
rezagar;Triste;-1
rico;Feliz;1
rictus;Feliz;1
ridiculez;Triste;-1
ridiculizar;Triste;-1
rid�culo;Triste;-1
riente;Feliz;1
r�gido;Triste;-1
ri�a;Triste;-1
riqueza;Feliz;1
risa;Feliz;1
desbordante;Feliz;1
risita;Feliz;1
risotada;Feliz;1
risue�o;Feliz;1
rival;Triste;-1
rivalidad;Triste;-1
rivalizar;Triste;-1
robar;Triste;-1
robustecimiento;Feliz;1
robusto;Feliz;1
roce;Triste;-1
romper;Triste;-1
ro�oso;Triste;-1
rozar;Triste;-1
rudeza;Triste;-1
rudimentario;Triste;-1
rudo;Triste;-1
ruin;Triste;-1
ruina;Triste;-1
ruindad;Triste;-1
ruinoso;Triste;-1
rusticidad;Triste;-1
r�stico;Triste;-1
sabidur�a;Feliz;1
sabio;Feliz;1
saborear;Feliz;1
saboreo;Feliz;1
sabroso;Feliz;1
saciarse;Feliz;1
sacrificado;Triste;-1
sacrificar;Triste;-1
sacrificarse;Triste;-1
sacrificio;Triste;-1
saleroso;Feliz;1
salud;Feliz;1
saludable;Feliz;1
salvaje;Triste;-1
salvajismo;Triste;-1
salvamento;Feliz;1
sanarse;Feliz;1
sa�a;Triste;-1
sa�udo;Triste;-1
saponificaci�n;Triste;-1
saquear;Triste;-1
sarc�fago;Triste;-1
satisfacci�n;Feliz;1
satisfacer;Feliz;1
satisfacerse;Feliz;1
satisfactorio;Feliz;1
satisfecho;Feliz;1
saturado;Triste;-1
saturarse;Triste;-1
seco;Triste;-1
sed;Triste;-1
sediento;Triste;-1
seducir;Feliz;1
segregaci�n;Triste;-1
segregar;Triste;-1
seguridad;Feliz;1
seguro;Feliz;1
semidifunto;Triste;-1
senil;Triste;-1
sensibilidad;Triste;-1
sensibilizar;Triste;-1
sensible;Triste;-1
sensibler�a;Triste;-1
sensiblero;Triste;-1
sensual;Feliz;1
sensualidad;Feliz;1
sentimental;Triste;-1
sentimentalismo;Triste;-1
sentimiento;Triste;-1
sentir;Triste;-1
se�alado;Feliz;1
separaci�n;Triste;-1
separado;Triste;-1
separar;Triste;-1
separarse;Triste;-1
sepelio;Triste;-1
sepulcral;Triste;-1
sepulcro;Triste;-1
sepultura;Triste;-1
sequedad;Triste;-1
sequ�a;Triste;-1
seriedad;Triste;-1
serio;Triste;-1
servil;Triste;-1
servir;Triste;-1
severidad;Triste;-1
severo;Triste;-1
sexo;Feliz;1
sexual;Feliz;1
sexualidad;Feliz;1
shock;Triste;-1
sibarita;Feliz;1
sibaritismo;Feliz;1
silenciar;Triste;-1
silencio;Triste;-1
silencioso;Triste;-1
simp�tico;Feliz;1
sincero;Feliz;1
s�ncope;Triste;-1
siniestrar;Triste;-1
siniestro;Triste;-1
sinsabor;Triste;-1
sitiar;Triste;-1
sobrecogedor;Triste;-1
Sobrecoger;Triste;-1
sobrecogido;Triste;-1
sobrecogimiento;Triste;-1
sobreexcitar;Feliz;1
sobresaliente;Feliz;1
sobresalir;Feliz;1
sobresaltado;Triste;-1
sobresalto;Triste;-1
solaz;Feliz;1
solazado;Feliz;1
solazar;Feliz;1
solazarse;Feliz;1
soledad;Triste;-1
solicitar;Triste;-1
solitario;Triste;-1
sollozante;Triste;-1
sollozar;Triste;-1
sollozo;Triste;-1
solvencia;Feliz;1
sombra;Triste;-1
sombras;Triste;-1
sombr�o;Triste;-1
sombr�n;Triste;-1
sonre�r;Feliz;1
sonriente;Feliz;1
sonrisa;Feliz;1
soportar;Triste;-1
s�rdido;Triste;-1
soso;Triste;-1
stress;Triste;-1
subdesarrollado;Triste;-1
subdesarrollo;Triste;-1
subida;Feliz;1
subir;Feliz;1
sublime;Feliz;1
suceso;Triste;-1
sucio;Triste;-1
sucumbir;Triste;-1
sudario;Triste;-1
suerte;Feliz;1
sufrido;Triste;-1
sufrimiento;Triste;-1
sufrir;Triste;-1
sugesti�n;Triste;-1
sugestionado;Triste;-1
sugestionar;Triste;-1
sugestivo;Triste;-1
suicida;Triste;-1
suicidarse;Triste;-1
suicidio;Triste;-1
sumisi�n;Triste;-1
sumiso;Triste;-1
superaci�n;Feliz;1
superar;Feliz;1
superior;Feliz;1
superioridad;Feliz;1
s�plica;Triste;-1
suplicante;Triste;-1
suplicar;Triste;-1
supresi�n;Triste;-1
suprimir;Triste;-1
susceptible;Triste;-1
suspense;Triste;-1
suspenso;Triste;-1
suspicaz;Triste;-1
suspirante;Triste;-1
suspirar;Triste;-1
suspiro;Triste;-1
taciturnidad;Triste;-1
taciturno;Triste;-1
tanatolog�a;Triste;-1
tanatol�gico;Triste;-1
tapiar;Triste;-1
t�rtaro;Triste;-1
tascar;Triste;-1
taxidermia;Triste;-1
temblar;Triste;-1
temblor;Triste;-1
tembloroso;Triste;-1
temer;Triste;-1
temeroso;Triste;-1
temible;Triste;-1
temor;Triste;-1
tenebroso;Triste;-1
tensi�n;Triste;-1
terremoto;Triste;-1
terrible;Triste;-1
terror�fico;Triste;-1
testamento;Triste;-1
t�trico;Triste;-1
timidez;Triste;-1
t�mido;Triste;-1
tinieblas;Triste;-1
tirantez;Triste;-1
tirria;Triste;-1
tomado;Triste;-1
tomarse;Triste;-1
tormenta;Triste;-1
tormento;Triste;-1
tormentoso;Triste;-1
torpe;Triste;-1
tortura;Triste;-1
torturado;Triste;-1
torturante;Triste;-1
torturar;Triste;-1
torvo;Triste;-1
tosco;Triste;-1
tosquedad;Triste;-1
tragaderas;Triste;-1
tragar;Triste;-1
tragedia;Triste;-1
tr�gico;Triste;-1
tragic�mico;Triste;-1
trago;Triste;-1
traidor;Triste;-1
trance;Triste;-1
tranquilidad;Feliz;1
tranquilizar;Feliz;1
tranquilizarse;Feliz;1
tranquilo;Feliz;1
transformar;Feliz;1
transido;Triste;-1
transigencia;Triste;-1
transigente;Triste;-1
transigir;Triste;-1
tr�nsito;Triste;-1
trascendental;Feliz;1
trastornado;Triste;-1
trastornar;Triste;-1
trastorno;Triste;-1
trauma;Triste;-1
traumatizar;Triste;-1
tremendo;Triste;-1
tribulaci�n;Triste;-1
triste;Triste;-1
tristeza;Triste;-1
triunfador;Feliz;1
triunfante;Feliz;1
triunfar;Feliz;1
triunfo;Feliz;1
tromba;Triste;-1
trombosis;Triste;-1
tronado;Triste;-1
tropezar;Triste;-1
tropiezo;Triste;-1
tuerto;Triste;-1
tullido;Triste;-1
tullir;Triste;-1
tumba;Triste;-1
tumulto;Triste;-1
turbaci�n;Triste;-1
turbado;Triste;-1
turbador;Triste;-1
turbar;Triste;-1
turbiedad;Triste;-1
turbio;Triste;-1
turbulencia;Triste;-1
ufanar;Feliz;1
ufanarse;Feliz;1
ufan�a;Feliz;1
ufano;Feliz;1
ultratumba;Triste;-1
ululante;Triste;-1
ulular;Triste;-1
ululato;Triste;-1
urna;Triste;-1
�til;Feliz;1
utilidad;Feliz;1
uxoricida;Triste;-1
uxoricidio;Triste;-1
vaciar;Triste;-1
vac�o;Triste;-1
vagabundo;Triste;-1
vagancia;Triste;-1
vagar;Triste;-1
vagido;Triste;-1
vago;Triste;-1
vaguedad;Triste;-1
valer;Feliz;1
valioso;Feliz;1
valor;Feliz;1
valorizar;Feliz;1
vampirismo;Triste;-1
vampiro;Triste;-1
vanagloria;Feliz;1
vanguardia;Feliz;1
vehemencia;Triste;-1
vehemente;Triste;-1
vejez;Triste;-1
Velado;Triste;-1
velar;Triste;-1
velatorio;Triste;-1
velo;Triste;-1
velorio;Triste;-1
velos;Triste;-1
vencer;Feliz;1
venenoso;Triste;-1
ventaja;Feliz;1
ventajoso;Feliz;1
ventura;Feliz;1
venturosamente;Feliz;1
venturoso;Feliz;1
verdugo;Triste;-1
vergonzante;Triste;-1
vergonzoso;Triste;-1
verter;Triste;-1
vestimenta;Triste;-1
vicio;Feliz;1
vicioso;Feliz;1
v�ctima;Triste;-1
victoria;Feliz;1
vidorra;Feliz;1
vidrioso;Triste;-1
viejo;Triste;-1
vigilia;Triste;-1
vil;Triste;-1
vileza;Triste;-1
vilo;Triste;-1
violencia;Triste;-1
violenta;Triste;-1
violento;Triste;-1
vital;Feliz;1
vitorear;Feliz;1
vivaz;Feliz;1
vividor;Feliz;1
vivir;Feliz;1
vocinglero;Triste;-1
volcar;Triste;-1
voluptuosidad;Feliz;1
voluptuoso;Feliz;1
vulnerar;Triste;-1
yermo;Triste;-1
zambo;Triste;-1
zollipar;Triste;-1
zollipo;Triste;-1
zombie;Triste;-1
zozobra;Triste;-1
